SourceText_lang,ID,ItemID,Flags,SourceTypeEnum
|cFFFFD200Drop: |rWorld Drop,1,1973,0,0
|cFFFFD200Black Market Auction House|r,4,32566,0,2
|cFFFFD200Black Market Auction House|r,5,33223,0,2
|cFFFFD200Black Market Auction House|r,7,38578,0,2
|cFFFFD200Holiday: |rLove is in the Air|n|cFFFFD200Vendor: |rLovely Merchant|n|cFFFFD200Zone: |rCapital Cities|n|cFFFFD200Cost: |r10|TINTERFACE\ICONS\INV_VALENTINESCARD01.BLP:0|t|n|n,9,34480,0,6
|cFFFFD200Promotion|r,12,67097,0,7
|cFFFFD200Vendor: |rTex Vortacoil|n|cFFFFD200Zone: |rAzshara|n|cFFFFD200Cost: |r5000|TINTERFACE\MONEYFRAME\UI-GOLDICON.BLP:0|t,16,68806,0,2
|cFFFFD200Vendor: |rAyla Shadowstorm|n|cFFFFD200Zone: |rMolten Front|n|cFFFFD200Cost: |r500|TINTERFACE\MONEYFRAME\UI-GOLDICON.BLP:0|t,17,70161,0,2
|cFFFFD200World Event:|r Hallow's End|n|cFFFFD200Vendor: |rChub / Dorothy|n|cFFFFD200Zone: |rTirisfal Glades / Stormwind City|n|cFFFFD200Cost: |r150|TINTERFACE\ICONS\ACHIEVEMENT_HALLOWEEN_CANDY_01.BLP:0|t|n|n,18,70722,0,6
|cFFFFD200Promotion|r,19,72161,0,7
|cFFFFD200Drop: |rPandaria,20,72231,2,0
|cFFFFD200Drop: |rYorik Sharpeye|n|cFFFFD200Zone: |rVale of Eternal Blossoms,21,86568,0,0
|cFFFFD200Drop: |rKang the Soul Thief|n|cFFFFD200Zone: |rVale of Eternal Blossoms,22,86571,0,0
|cFFFFD200Drop: |rHavak|n|cFFFFD200Zone: |rKun-Lai Summit,23,72221,2,0
|cFFFFD200Drop: |rUrgolax|n|cFFFFD200Zone: |rVale of Eternal Blossoms,24,86575,0,0
|cFFFFD200Drop: |rSki'thik|n|cFFFFD200Zone: |rKun-Lai Summit,25,72225,2,0
|cFFFFD200Quest: |rElune's Blessing|n|cFFFFD200Zone: |rMoonglade,29,21540,0,1
,30,33079,2,7
|cFFFFD200Profession: |rArchaeology,33,64651,0,3
"|cFFFFD200Vendor: |rOlut Alegut, Rork Sharpchin|n|cFFFFD200Zone: |rThe Storm Peaks|n|cFFFFD200Cost: |r10|TINTERFACE\ICONS\INV_MISC_RUNE_14.BLP:0|t",34,43499,0,2
|cFFFFD200Drop: |rTerokk|n|cFFFFD200Zone: |rTerokkar Forest,99,32782,0,0
|cFFFFD200Black Market Auction House|r,100,34499,0,2
|cFFFFD200Drop: |rNorthrend - World Drop,101,37254,0,0
|cFFFFD200Promotion|r,102,38301,0,7
|cFFFFD200Achievement: |rThe Coin Master|n|cFFFFD200Category: |rFishing,103,44430,0,5
|cFFFFD200World Event:|r Feast of Winter Veil,109,46709,0,6
|cFFFFD200Promotion|r,110,49703,0,7
|cFFFFD200Promotion|r,111,49704,2,7
|cFFFFD200Quest: |rMuradin's Lament|n|cFFFFD200Zone: |rIcecrown Citadel,112,52201,0,1
|cFFFFD200Quest: |rSylvanas' Vengeance|n|cFFFFD200Zone: |rIcecrown Citadel,114,52253,0,1
|cFFFFD200Profession: |rArchaeology,116,64358,0,3
|cFFFFD200Profession: |rArchaeology,117,64361,0,3
|cFFFFD200Profession: |rArchaeology,118,64373,0,3
|cFFFFD200Profession: |rArchaeology,119,64383,0,3
|cFFFFD200Profession: |rArchaeology,120,64456,0,3
|cFFFFD200Profession: |rArchaeology,121,64481,0,3
|cFFFFD200Profession: |rArchaeology,122,64482,0,3
|cFFFFD200Profession: |rArchaeology,123,64646,0,3
|cFFFFD200Profession: |rArchaeology,124,64881,0,3
|cFFFFD200Vendor: |rMeilosh|n|cFFFFD200Zone: |rFelwood|n|cFFFFD200Faction: |rTimbermaw Hold - Exalted|n|cFFFFD200Cost: |r75|TINTERFACE\MONEYFRAME\UI-GOLDICON.BLP:0|t,125,66888,4,2
|cFFFFD200World Event: |rChildren's Week|n|cFFFFD200Vendor: |rBlax Bottlerocket / Craggle Wobbletop|n|cFFFFD200Zone: |rOrgrimmar / Stormwind City|n|cFFFFD200Cost: |r10|TINTERFACE\MONEYFRAME\UI-SILVERICON.BLP:0|t,126,69895,0,2
|cFFFFD200Promotion|r,127,72159,0,7
|cFFFFD200Promotion|r,128,79769,0,7
|cFFFFD200Drop: |rZai the Outcast|n|cFFFFD200Zone: |rKun-Lai Summit,129,86581,0,0
|cFFFFD200Drop: |rNessos the Oracle|n|cFFFFD200Zone: |rKun-Lai Summit,131,72224,2,0
|cFFFFD200Drop: |rMoldo One-Eye|n|cFFFFD200Zone: |rVale of Eternal Blossoms,132,86586,0,0
|cFFFFD200Drop: |rAhone the Wanderer|n|cFFFFD200Zone: |rKun-Lai Summit,133,86588,0,0
|cFFFFD200Drop: |rAi-Li Skymirror|n|cFFFFD200Zone: |rDread Wastes,134,86589,0,0
|cFFFFD200Drop: |rAi-Ran the Shifting Cloud|n|cFFFFD200Zone: |rVale of Eternal Blossoms,135,72229,2,0
|cFFFFD200Drop: |rBonobos|n|cFFFFD200Zone: |rValley of the Four Winds,136,72227,2,0
|cFFFFD200Drop: |rIk-Ik the Nimble|n|cFFFFD200Zone: |rDread Wastes,137,86593,0,0
|cFFFFD200Achievement: |rLearning from the Best|n|cFFFFD200Category: |rFishing,139,86596,0,5
|cFFFFD200Achievement: |rPub Crawl|n|cFFFFD200Category: |rMists of Pandaria,140,87528,0,5
|cFFFFD200Vendor: |rGina Mudclaw|n|cFFFFD200Zone: |rValley of the Four Winds|n|cFFFFD200Faction: |rThe Tillers - Exalted|n|cFFFFD200Cost: |r250|TINTERFACE\MONEYFRAME\UI-GOLDICON.BLP:0|t,142,90175,4,2
|cFFFFD200World Event: |rFeast of Winter Veil,143,90883,0,6
|cFFFFD200World Event: |rFeast of Winter Veil,144,90888,0,6
|cFFFFD200Vendor: |rGelvas Grimegate|n|cFFFFD200Zone: |rDarkmoon Island|n|cFFFFD200Cost: |r10|TINTERFACE\MONEYFRAME\UI-SILVERICON.BLP:0|t,145,90899,0,6
|cFFFFD200Given By: |rOrsur|n|cFFFFD200Zone: |rRavenholdt Manor,147,72220,2,0
|cFFFFD200Drop: |rRa'sha|n|cFFFFD200Zone: |rIsle of Thunder,148,72226,2,0
|cFFFFD200Achievement: |rTortos Hidden Geyser Achievement|n|cFFFFD200Category: |rPandaria Raid,151,98132,0,5
|cFFFFD200Drop: |rGastropod|n|cFFFFD200Zone: |rThrone of Thunder,152,98136,0,0
|cFFFFD200Vendor: |rSpeaker Gulan|n|cFFFFD200Zone: |rTimeless Isle,153,72230,2,2
|cFFFFD200Vendor: |rMistweaver Ku|n|cFFFFD200Zone: |rTimeless Isle|n|cFFFFD200Faction: |rEmperor Shaohao - Revered,154,103685,4,2
|cFFFFD200Drop: |rEroded Cliffdweller|n|cFFFFD200Zone: |rTimeless Isle,155,104262,0,0
|cFFFFD200Drop: |rChampion of the Black Flame|n|cFFFFD200Zone: |rTimeless Isle,156,104302,0,0
|cFFFFD200Drop: |rEternal Kilnmaster|n|cFFFFD200Zone: |rTimeless Isle,157,104309,0,0
|cFFFFD200World Event: |rFeast of Winter Veil,158,104318,0,6
|cFFFFD200Vendor: |rWorld Vendors|n|cFFFFD200Cost: |r40|TINTERFACE\MONEYFRAME\UI-GOLDICON.BLP:0|t,159,104323,0,2
|cFFFFD200Vendor: |rWorld Vendors|n|cFFFFD200Cost: |r40|TINTERFACE\MONEYFRAME\UI-GOLDICON.BLP:0|t,160,104324,0,2
|cFFFFD200Drop: |rHigh Priest of Ordos|n|cFFFFD200Zone: |rTimeless Isle,161,72233,2,0
|cFFFFD200Drop: |rJakur of Ordon|n|cFFFFD200Zone: |rTimeless Isle,162,104331,0,0
|cFFFFD200World Event: |rDarkmoon Faire|n|cFFFFD200Drop: |rMoonfang|n|cFFFFD200Zone: |rDarkmoon Island,164,105898,0,6
|cFFFFD200Drop: |rDread Ship Vazuvius|n|cFFFFD200Zone: |rTimeless Isle|n,165,104294,0,0
|cFFFFD200World Event: |r Zalazane's Fall,168,54653,2,6
|cFFFFD200World Event:|r Lunar Festival|n|n|cFFFFD200Vendor: |rFariel Starsong|n|cFFFFD200Zone: |rMoonglade|n|cFFFFD200Cost: |r25|TINTERFACE\ICONS\INV_MISC_ELVENCOINS.BLP:0|t,169,90000,0,6
|cFFFFD200Vendor: |rWorld Vendors|n|cFFFFD200Cost: |r100|TINTERFACE\ICONS\INV_MISC_COIN_01.BLP:0|t,170,90427,0,2
|cFFFFD200World Event: |r Operation: Gnomeregan,180,54651,2,6
|cFFFFD200Source: |rLegacy of the Ancients,181,72223,2,1
|cFFFFD200World Event:|r Lunar Festival|n|n|cFFFFD200Vendor: |rFariel Starsong|n|cFFFFD200Zone: |rMoonglade|n|cFFFFD200Cost: |r25|TINTERFACE\ICONS\INV_MISC_ELVENCOINS.BLP:0|t,182,89999,0,6
|cFFFFD200Vendor: |rWorld Vendors|n|cFFFFD200Cost: |r40|TINTERFACE\MONEYFRAME\UI-GOLDICON.BLP:0|t,183,54343,0,2
|cFFFFD200Vendor: |rWorld Vendors|n|cFFFFD200Cost: |r10|TINTERFACE\MONEYFRAME\UI-GOLDICON.BLP:0|t,184,54438,0,2
|cFFFFD200Vendor: |rWorld Vendors|n|cFFFFD200Cost: |r10|TINTERFACE\MONEYFRAME\UI-GOLDICON.BLP:0|t,185,54437,0,2
|cFFFFD200Vendor: |rWorld Vendors|n|cFFFFD200Cost: |r250|TINTERFACE\MONEYFRAME\UI-GOLDICON.BLP:0|t,186,44606,0,2
|cFFFFD200Vendor: |rWorld Vendors|n|cFFFFD200Cost: |r250|TINTERFACE\MONEYFRAME\UI-GOLDICON.BLP:0|t,187,45057,0,2
|cFFFFD200Profession: |rArchaeology,188,69776,0,3
|cFFFFD200Vendor: |rDame Evniki Kapsalis|n|cFFFFD200Zone: |rIcecrown,189,46843,0,2
|cFFFFD200Drop: |rHuggalon the Heart Watcher|n|cFFFFD200Zone: |rTownlong Steppes,190,90067,0,0
"|cFFFFD200Vendor: |rLenny ""Fingers"" McCoy|n|cFFFFD200Zone: |rStormwind City|n|cFFFFD200Cost: |r200|TINTERFACE\MONEYFRAME\UI-GOLDICON.BLP:0|t",191,97921,0,2
|cFFFFD200Vendor: |rMidsummer Merchant|n|cFFFFD200Zone: |rCapital Cities|n|cFFFFD200Cost: |r350|TINTERFACE\ICONS\INV_SUMMERFEST_FIREFLOWER.BLP:0|t|n|n,192,34686,0,6
|cFFFFD200Vendor: |rBrewfest Vendors|n|cFFFFD200Cost: |r100|TINTERFACE\ICONS\INV_MISC_COIN_01.BLP:0|t,193,33927,0,6
|cFFFFD200Vendor: |rSan Redscale|n|cFFFFD200Zone: |rThe Jade Forest|n|cFFFFD200Faction: |rOrder of the Cloud Serpent - Revered|n|cFFFFD200Cost: |r1000|TINTERFACE\MONEYFRAME\UI-GOLDICON.BLP:0|t,194,89222,4,2
|cFFFFD200World Event: |rFeast of Winter Veil,195,37710,0,6
|cFFFFD200Profession: |rEngineering,196,23767,0,3
|cFFFFD200Quest: |rChoking the Skies|n|cFFFFD200Zone: |rTownlong Steppes,197,88589,0,1
|cFFFFD200Vendor: |rRook Hawkfist|n|cFFFFD200Zone: |rIcecrown,198,45021,0,2
|cFFFFD200Drop: |rRogue Pickpocketing,199,36863,0,0
|cFFFFD200Vendor: |rIrisee|n|cFFFFD200Zone: |rIcecrown,200,45020,0,2
|cFFFFD200Vendor: |rNam Ironpaw|n|cFFFFD200Zone: |rValley of the Four Winds|n|cFFFFD200Cost: |r3|TINTERFACE\MONEYFRAME\UI-GOLDICON.BLP:0|t59|TINTERFACE\MONEYFRAME\UI-SILVERICON.BLP:0|t65|TINTERFACE\MONEYFRAME\UI-COPPERICON.BLP:0|t,201,88801,0,2
|cFFFFD200Black Market Auction House|r,202,45063,0,2
|cFFFFD200Promotion|r,203,69227,0,7
|cFFFFD200Vendor: |rSally Fizzlefury|n|cFFFFD200Zone: |rValley of the Four Winds|n|cFFFFD200Cost: |r1000|TINTERFACE\MONEYFRAME\UI-GOLDICON.BLP:0|t,204,88802,0,2
|cFFFFD200Source: |rDisgusting Jar|n|cFFFFD200Vendor: |rTanak|n|cFFFFD200Zone: |rSholazar Basin,205,44719,0,2
|cFFFFD200Quest: |rSecuring A Future|n|cFFFFD200Zone: |rIsle of Thunder,206,95589,4,1
|cFFFFD200Quest: |rLife Blood|n|cFFFFD200Zone: |rIsle of Thunder,207,95590,4,1
|cFFFFD200Vendor: |rRillie Spindlenut|n|cFFFFD200Zone: |rIcecrown,208,45019,0,2
|cFFFFD200Profession: |rEngineering(425),209,40895,0,3
|cFFFFD200Black Market Auction House|r,210,33219,0,2
|cFFFFD200Quest: |rPromises of Gold|n|cFFFFD200Zone: |rDread Wastes,211,88417,0,1
|cFFFFD200Profession: |rArchaeology,212,69777,0,3
|cFFFFD200Quest: |rA Monkey Idol|n|cFFFFD200Zone: |rKun-Lai Summit,213,88385,0,1
|cFFFFD200Black Market Auction House|r,214,32542,0,2
|cFFFFD200Promotion|r,215,54212,0,7
|cFFFFD200Quest: |rRaising Spirits|n|cFFFFD200Zone: |rTownlong Steppes,216,88587,2,1
|cFFFFD200Vendor: |rDerrick Brindlebeard|n|cFFFFD200Zone: |rIcecrown,217,45018,0,2
|cFFFFD200Quest: |rHoled Up|n|cFFFFD200Zone: |rKun-Lai Summit,218,88579,0,1
|cFFFFD200Quest: |rZhu's Despair|n|cFFFFD200Zone: |rKrasarang Wilds,219,88580,0,1
|cFFFFD200Drop: |rDoctor Theolen Krastinov|n|cFFFFD200Zone: |rScholomance,220,88566,0,0
|cFFFFD200Quest: |rDo a Barrel Roll!|n|cFFFFD200Zone: |rKun-Lai Summit,221,88531,0,1
|cFFFFD200Quest: |rThe Rest is History|n|cFFFFD200Zone: |rMoonglade,222,71259,0,1
|cFFFFD200Drop: |rWorld Drop,223,63269,0,0
|cFFFFD200World Event: |rDarkmoon Faire|n|cFFFFD200Drop: |rMoonfang|n|cFFFFD200Zone: |rDarkmoon Island,224,101571,0,6
|cFFFFD200Vendor: |rVarlan Highbough|n|cFFFFD200Zone: |rMolten Front|n|cFFFFD200Cost: |r3500|TINTERFACE\MONEYFRAME\UI-GOLDICON.BLP:0|t,225,70159,0,2
|cFFFFD200Black Market Auction House|r,226,46780,0,2
|cFFFFD200Drop: |rWorld Drop,227,35275,0,0
|cFFFFD200Vendor: |rFreka Bloodaxe|n|cFFFFD200Zone: |rIcecrown,228,45014,0,2
|cFFFFD200Vendor: |rGina Mudclaw|n|cFFFFD200Zone: |rValley of the Four Winds|n|cFFFFD200Faction: |rThe Tillers - Revered|n|cFFFFD200Cost: |r250|TINTERFACE\MONEYFRAME\UI-GOLDICON.BLP:0|t,229,89869,4,2
|cFFFFD200Quest: |rShow Them Gnome Mercy!|n|cFFFFD200Zone: |rBlade's Edge Mountains,230,30690,0,1
|cFFFFD200Treasure: |rGiant Draenor Clam |n|cFFFFD200Zone: |rFrostfire Ridge,231,108739,0,0
|cFFFFD200Quest: |rRampaging Rodents|n|cFFFFD200Zone: |rValley of the Four Winds,232,88370,0,1
|cFFFFD200Promotion|r,233,71628,0,7
|cFFFFD200Vendor: |rSamamba|n|cFFFFD200Zone: |rIcecrown,234,45015,0,2
|cFFFFD200Vendor: |rRavika|n|cFFFFD200Cost: |r10|TINTERFACE\MONEYFRAME\UI-GOLDICON.BLP:0|t,235,97942,0,2
|cFFFFD200Quest: |rRaid Leader Slovan|n|cFFFFD200Zone: |rKrasarang Wilds,236,88387,0,1
|cFFFFD200Vendor: |rTrellis Morningsun|n|cFFFFD200Zone: |rIcecrown,237,45017,0,2
|cFFFFD200Quest: |rRoadside Assistance|n|cFFFFD200Zone: |rKun-Lai Summit,238,88381,0,1
|cFFFFD200Profession: |rEngineering,239,17716,0,3
|cFFFFD200Vendor: |rSally Fizzlefury|n|cFFFFD200Zone: |rValley of the Four Winds|n|cFFFFD200Cost: |r1000|TINTERFACE\MONEYFRAME\UI-GOLDICON.BLP:0|t,240,91904,0,2
|cFFFFD200Vendor: |rCorporal Arthur Flew|n|cFFFFD200Zone: |rIcecrown,241,45011,0,2
|cFFFFD200Quest: |rBuried Hozen Treasure|n|cFFFFD200Zone: |rKrasarang Wilds,242,80822,0,1
|cFFFFD200World Event: |rLove is in the Air|n|cFFFFD200Drop: |rApothecary Hummel,243,50471,0,6
|cFFFFD200Vendor: |rDoru Thunderhorn|n|cFFFFD200Zone: |rIcecrown,244,45013,0,2
|cFFFFD200Vendor: |rPogg|n|cFFFFD200Zone: |rTol Barad Peninsula|n|cFFFFD200Faction: |rHellscream's Reach - Honored|n|cFFFFD200Cost: |r250|TINTERFACE\MONEYFRAME\UI-GOLDICON.BLP:0|t,245,64997,4,2
|cFFFFD200Vendor: |rQuartermaster Brazie|n|cFFFFD200Zone: |rTol Barad Peninsula|n|cFFFFD200Faction: |rBaradin's Wardens - Honored|n|cFFFFD200Cost: |r250|TINTERFACE\MONEYFRAME\UI-GOLDICON.BLP:0|t,246,63141,4,2
|cFFFFD200Quest: |rHatred Becomes Us|n|cFFFFD200Zone: |rTownlong Steppes,247,88584,0,1
|cFFFFD200Quest: |rYellow and Red Make Orange|n|cFFFFD200Zone: |rValley of the Four Winds,248,88377,0,1
|cFFFFD200Vendor: |rEliza Killian|n|cFFFFD200Zone: |rIcecrown,249,45016,0,2
|cFFFFD200Source: |rBag of Fishing Treasures,250,45984,0,0
|cFFFFD200Profession: |rArchaeology,251,69775,0,3
|cFFFFD200Promotion|r,252,69215,0,7
|cFFFFD200Black Market Auction House|r,253,35227,0,2
|cFFFFD200Vendor: |rRavika|n|cFFFFD200Cost: |r25|TINTERFACE\MONEYFRAME\UI-GOLDICON.BLP:0|t,254,97919,0,2
|cFFFFD200World Event: |rFeast of Winter Veil,255,17712,0,6
|cFFFFD200Profession: |rEngineering,256,18660,0,3
|cFFFFD200Drop: |rRogue Pickpocketing,257,36862,0,0
|cFFFFD200Vendor: |rRavika|n|cFFFFD200Cost: |r5|TINTERFACE\MONEYFRAME\UI-GOLDICON.BLP:0|t,258,98552,0,2
|cFFFFD200Vendor: |rChester|n|cFFFFD200Zone: |rDarkmoon Island,264,116139,0,6
|cFFFFD200World Event: |rDarkmoon Faire|n|cFFFFD200Quest: |rBroken Promises,265,116067,0,6
|cFFFFD200Vendor: |rBrewfest Vendors|n|cFFFFD200Cost: |r200|TINTERFACE\ICONS\INV_MISC_COIN_01.BLP:0|t,269,71137,0,6
|cFFFFD200Drop: |rKlikixx|n|cFFFFD200Zone: |rTalador,270,116125,0,0
|cFFFFD200Drop: |rYggdrel|n|cFFFFD200Zone: |rShadowmoon Valley,271,113570,0,0
|cFFFFD200Drop: |rBreathless|n|cFFFFD200Zone: |rFrostfire Ridge,272,111476,0,0
|cFFFFD200World Event: |rDarkmoon Faire|n|cFFFFD200Achievement: |rBrood of Alysrazor,273,116115,0,6
|cFFFFD200World Event: |rDarkmoon Faire|n|cFFFFD200Vendor: |rCarl Goodup|n|cFFFFD200Zone: |rDarkmoon Island|n|cFFFFD200Cost: |r10|TINTERFACE\MONEYFRAME\UI-SILVERICON.BLP:0|t,275,75042,0,6
It's a Mystery!,278,118191,2,0
|cFFFFD200Vendor: |rSmuggler|n|cFFFFD200Zone: |rSpires of Arak|n|cFFFFD200Cost: |r500|TINTERFACE\MONEYFRAME\UI-GOLDICON.BLP:0|t,279,113096,0,2
|cFFFFD200Profession: |rEngineering,280,109183,0,3
|cFFFFD200Blizzard Store|r,281,112324,0,7
|cFFFFD200Garrison Mission|r,282,118427,0,0
"|cFFFFD200Quest: |rFarewell, Minnow|n|cFFFFD200Zone: |rAzshara",283,53057,0,1
|cFFFFD200Quest: |rThe Trial of Champions|n|cFFFFD200Zone: |rShadowmoon Valley,285,119144,0,1
|cFFFFD200Drop:|r Basten|n|cFFFFD200Zone:|r Gorgrond,286,119432,0,0
|cFFFFD200Drop:|r Soul-Twister Torek|n|cFFFFD200Zone:|r Shadowmoon Valley,287,119178,0,0
|cFFFFD200Treasure: |rDeceptia's Smoldering Boots |n|cFFFFD200Zone: |rTalador,289,108743,0,0
|n,290,110586,2,0
|cFFFFD200Vendor: |rBeska Redtusk|n|cFFFFD200Zone: |rWarspear|n|cFFFFD200Faction: |rFrostwolf Orcs - Honored|n|cFFFFD200Cost: |r1000|TINTERFACE\MONEYFRAME\UI-GOLDICON.BLP:0|t,293,115468,4,2
|cFFFFD200Quest: |rDiamonds Are Forever|n|cFFFFD200Zone: |rFrostfire Ridge,294,115503,0,1
|cFFFFD200Treasure: |rSwamplighter Hive|n|cFFFFD200Zone: |rShadowmoon Valley,295,117550,0,0
|cFFFFD200Treasure: |rCurious Deathweb Egg|n|cFFFFD200Zone: |rTalador,296,117569,0,0
|cFFFFD200Given By: |rSoulare of Andorhal,297,117573,0,0
|cFFFFD200Drop: |rFossilwood the Petrified|n|cFFFFD200Zone: |rGorgrond,298,118221,0,0
|cFFFFD200Drop: |rCaptain Ironbeard|n|cFFFFD200Zone: |rNagrand,299,118244,0,0
|cFFFFD200Quest: |rFury of Frostfire|n|cFFFFD200Zone: |rFrostfire Ridge,301,119145,0,1
|cFFFFD200Vendor: |rKil'rip|n|cFFFFD200Zone: |rTrading Post|n|cFFFFD200Faction: |rLaughing Skull Orcs - Honored|n|cFFFFD200Cost: |r1250|TINTERFACE\MONEYFRAME\UI-GOLDICON.BLP:0|t,302,119160,4,2
,303,72222,2,-1
|cFFFFD200Drop: |rGibblette the Cowardly|n|cFFFFD200Zone: |rFrostfire Ridge,304,72228,2,0
|cFFFFD200Vendor:|r  Maaria|n|cFFFFD200Zone:|r Trading Post|n|cFFFFD200Faction:|r Sha'tari Defense - Honored,305,119182,4,2
|cFFFFD200Achievement: |rThe Toymaster|n|cFFFFD200Category: |rToy Box,306,119215,0,5
|cFFFFD200Garrison Building:|r Gladiator's Sanctum|n,307,119217,0,0
|cFFFFD200Garrison Building:|r Gladiator's Sanctum|n|n,308,119218,0,0
|cFFFFD200Treasure: |rTreasure of the Highmaul|n|cFFFFD200Zone: |rThe Coliseum,309,119219,0,0
,310,119220,2,-1
,311,119221,2,-1
|cFFFFD200Vendor:|r  Maaria|n|cFFFFD200Zone:|r Trading Post|n|cFFFFD200Faction:|r Sha'tari Defense - Revered,312,119421,4,2
|cFFFFD200Treasure: |rAstrologer's Box|n|cFFFFD200Zone: |rShadowmoon Valley,319,109739,0,0
|cFFFFD200Drop:|r The Burning Front|n|cFFFFD200Zone:|r Talador|n,320,116122,0,0
|cFFFFD200Vendor: |rBenjamin Brode|n|cFFFFD200Cost: |r100|TINTERFACE\MONEYFRAME\UI-GOLDICON.BLP:0|t,322,119212,0,2
|cFFFFD200Vendor: |rBenjamin Brode|n|cFFFFD200Cost: |r1000|TINTERFACE\MONEYFRAME\UI-GOLDICON.BLP:0|t,324,119210,0,2
|cFFFFD200Drop: |rBashiok|n|cFFFFD200Zone: |rGorgrond,325,118222,0,0
|cFFFFD200Drop: |rWarleader Tome|n|cFFFFD200Zone: |rNagrand,327,120276,0,0
|cFFFFD200Treasure: |rArena Master's War Horn|n|cFFFFD200Zone: |rFrostfire Ridge,328,108735,0,0
|cFFFFD200Drop: |rEcho of Murmur|n|cFFFFD200Zone: |rTalador,329,113670,0,0
|cFFFFD200Drop: |rHypnocroak|n|cFFFFD200Zone: |rShadowmoon Valley,330,113631,0,0
|cFFFFD200Treasure: |rVindicator's Cache|n|cFFFFD200Zone: |rShadowmoon Valley,331,113375,0,0
|cFFFFD200Treasure: |rWarm Goren Egg|n|cFFFFD200Zone: |rGorgrond,332,118716,0,0
|cFFFFD200Drop: |rSulfurious|n|cFFFFD200Zone: |rGorgrond,333,114227,0,0
|cFFFFD200World Event: |rLove is in the Air,334,116651,0,6
|cFFFFD200World Event: |rBrewfest|n|cFFFFD200Cost: |r100|TINTERFACE\ICONS\INV_MISC_COIN_01.BLP:0|t,335,116758,0,6
|cFFFFD200World Event: |rFeast of Winter Veil,336,116763,0,6
|cFFFFD200World Event: |rPilgrim's Bounty,337,116400,0,6
|cFFFFD200Garrison Building: |rInn,338,118937,0,0
|cFFFFD200Garrison Building: |rInn,339,118938,0,0
|cFFFFD200Garrison Building: |rInn,340,119003,0,0
|cFFFFD200Garrison Building: |rInn,341,119039,0,0
|cFFFFD200Garrison Building: |rInn,342,119083,0,0
|cFFFFD200Garrison Building: |rInn,343,72232,2,-1
|cFFFFD200Vendor: |rMidsummer Merchant|n|cFFFFD200Cost: |r500|TINTERFACE\ICONS\INV_SUMMERFEST_FIREFLOWER.BLP:0|t|n,344,116440,0,2
|cFFFFD200Vendor: |rMidsummer Merchant|n|cFFFFD200Cost: |r350|TINTERFACE\ICONS\INV_SUMMERFEST_FIREFLOWER.BLP:0|t,345,116435,0,6
|cFFFFD200World Event: |rBrewfest|n|cFFFFD200Cost: |r200|TINTERFACE\ICONS\INV_MISC_COIN_01.BLP:0|t,346,116757,0,6
|cFFFFD200World Event: |rFeast of Winter Veil,347,116689,0,6
|cFFFFD200World Event: |rFeast of Winter Veil,348,116690,0,6
|cFFFFD200World Event: |rFeast of Winter Veil,349,116691,0,6
|cFFFFD200World Event: |rFeast of Winter Veil,350,116692,0,6
|cFFFFD200Quest:|r Socrethar's Fury|n,351,119134,0,1
|cFFFFD200Pickpocketing|r|n,352,120857,2,0
|cFFFFD200Garrison Building: |rInn,357,119092,0,0
|cFFFFD200Achievement: |rTheramore's Fall|n|cFFFFD200Category: |rFeats of Strength,359,89205,2,5
|cFFFFD200Profession: |rEngineering,360,108745,0,3
"|cFFFFD200Achievement: |rWhat A Strange, Interdimensional Trip It's Been|n|cFFFFD200Category: |rDungeons & Raids",361,122293,0,5
|cFFFFD200Drop: |rMajordomo Staghelm|n|cFFFFD200Zone: |rFirelands|n|cFFFFD200Class: |rDruid,365,122304,0,0
,366,122283,6,-1
|cFFFFD200World Event:|r Feast of Winter Veil,367,116456,0,6
|cFFFFD200Achievement: |rDarkmoon Racer Roadhog|n|cFFFFD200Category: |rDarkmoon Faire,368,122129,0,5
|cFFFFD200Achievement: |rWanderluster: Gold|n|cFFFFD200Category: |rDarkmoon Faire,369,122126,0,5
|cFFFFD200Achievement: |rPowermonger: Gold|n|cFFFFD200Category: |rDarkmoon Faire,371,122120,0,5
|cFFFFD200Achievement: |rTonk Commander|n|cFFFFD200Category: |rDarkmoon Faire,372,122122,0,5
|cFFFFD200Achievement: |rTriumphant Turtle Tossing|n|cFFFFD200Category: |rDarkmoon Faire,373,122123,0,5
|cFFFFD200Quest:|r Crystal Clarity|n|cFFFFD200Zone: |rStormwind|n|cFFFFD200Zone: |rOrgrimmar,374,122674,0,1
|cFFFFD200Achievement: |rAzeroth's Top Twenty Tunes|n|cFFFFD200Category: |rGarrisons,375,122700,0,5
|cFFFFD200Drop: |rTor'goroth|n|cFFFFD200Zone: |rFrostfire Ridge,376,119163,0,0
|cFFFFD200Quest: |rPick a Yak|n|cFFFFD200Zone: |rTownlong Steppes,377,82467,0,1
|cFFFFD200Drop: |rHearthsinger Forresten|n|cFFFFD200Zone: |rStratholme,378,13379,0,0
|cFFFFD200Drop:|r Blingtron 5000 Gift Package|n,379,123851,0,0
|cFFFFD200Achievement: |rRocketeer: Gold|n|cFFFFD200Category: |rDarkmoon Faire,381,122119,0,5
|cFFFFD200World Event:|r Day of the Dead|n,383,116856,0,6
|cFFFFD200World Event:|r Day of the Dead|n,384,116888,0,6
|cFFFFD200World Event:|r Day of the Dead|n,385,116889,0,6
|cFFFFD200World Event:|r Day of the Dead|n,386,116890,0,6
|cFFFFD200World Event:|r Day of the Dead|n,387,116891,0,6
|cFFFFD200Vendor: |rGalissa Sundew|n|cFFFFD200Zone: |rDarkmoon Island,388,126931,0,2
|cFFFFD200Treasure: |rTome of Secrets|n|cFFFFD200Zone: |rTanaan Jungle,389,127670,0,0
|cFFFFD200Treasure: |rJewel of Hellfire|n|cFFFFD200Zone: |rTanaan Jungle,390,127668,0,0
|cFFFFD200Quest: |rCleaning House|n|cFFFFD200Zone: |rSpires of Arak|n|n|cFFFFD200Quest: |rNot In Your Army|n|cFFFFD200Zone: |rSpires of Arak,391,119001,0,1
"|cFFFFD200Vendor:|r Tiffy Trapspring, Giada Goldleash|n|cFFFFD200Zone: |rGarrison",392,127695,0,2
"|cFFFFD200Vendor:|r Tiffy Trapspring, Giada Goldleash|n|cFFFFD200Zone: |rGarrison",393,127696,0,2
"|cFFFFD200Vendor:|r Tiffy Trapspring, Giada Goldleash|n|cFFFFD200Zone: |rGarrison",394,127707,0,2
|cFFFFD200Treasure: |rThe Perfect Blossom|n|cFFFFD200Zone: |rTanaan Jungle,395,127766,0,0
|cFFFFD200Treasure: |rStrange Green Fruit|n|cFFFFD200Zone: |rTanaan Jungle,396,127394,0,-1
|cFFFFD200Treasure: |rDazzling Rod|n|cFFFFD200Zone: |rTanaan Jungle,398,127859,0,0
|cFFFFD200Vendor: |rTrader Araanda|n|cFFFFD200Zone: |rLunarfall|n|cFFFFD200Cost: |r100|TINTERFACE\MONEYFRAME\UI-GOLDICON.BLP:0|t|n|n|cFFFFD200Vendor: |rTrader Darakk|n|cFFFFD200Zone: |rFrostwall|n|cFFFFD200Cost: |r100|TINTERFACE\MONEYFRAME\UI-GOLDICON.BLP:0|t,399,127864,0,2
|cFFFFD200Drop: |rCaptain Ironbeard|n|cFFFFD200Zone: |rTanaan Jungle,400,127659,0,0
|cFFFFD200Drop: |rBramblefell|n|cFFFFD200Zone: |rTanaan Jungle,401,127652,0,0
|cFFFFD200Drop: |rRemnant of the Blood Moon|n|cFFFFD200Zone: |rTanaan Jungle,402,127666,0,0
|cFFFFD200Garrison Mission:|r Burning Blademasters,403,128310,0,0
|cFFFFD200World Event: |rChildren's Week|n|cFFFFD200Cost: |r10|TINTERFACE\MONEYFRAME\UI-SILVERICON.BLP:0|t|n,404,69896,0,6
|cFFFFD200NPC: |rSkoller|n|cFFFFD200Zone:|r Tanaan Jungle|n,405,128328,0,4
|cFFFFD200Achievement: |rBig Wanderluster: Gold|n|cFFFFD200Category: |rDarkmoon Faire,406,122121,0,5
|cFFFFD200Vendor: |rShadow Hunter Denjai|n|cFFFFD200Zone: |rTanaan Jungle|n|cFFFFD200Faction: |rVol'jin's Headhunters - Revered|n|cFFFFD200Cost: |r300|TINTERFACE\MONEYFRAME\UI-GOLDICON.BLP:0|t,408,128471,4,2
|cFFFFD200Vendor: |rVindicator Krethos|n|cFFFFD200Zone: |rTanaan Jungle|n|cFFFFD200Faction: |rHand of the Prophet - Revered|n|cFFFFD200Cost: |r300|TINTERFACE\MONEYFRAME\UI-GOLDICON.BLP:0|t,409,128462,4,2
|cFFFFD200Profession: |rEnchanting,410,128536,0,3
|cFFFFD200Vendor: |rGelvas Grimegate|n|cFFFFD200Zone: |rDarkmoon Island,411,97994,0,2
|cFFFFD200World Event:|r Feast of Winter Veil|n|n,412,108635,0,6
|cFFFFD200Drop: |rSmashum Grabb|n|cFFFFD200Zone: |rTanaan Jungle,413,108634,0,0
|cFFFFD200Drop: |rGondar|n|cFFFFD200Zone: |rTanaan Jungle,415,108633,0,0
|cFFFFD200World Event:|r Feast of Winter Veil|n,416,108632,0,6
|cFFFFD200Drop: |rDrakum|n|cFFFFD200Zone: |rTanaan Jungle,417,108631,0,0
|cFFFFD200Drop: |rHavak|n|cFFFFD200Zone: |rKun-Lai Summit,418,86573,0,0
|cFFFFD200World Event:|r Feast of Winter Veil|n,420,128776,0,6
|cFFFFD200World Event:|r Hallow's End|n,421,128794,0,6
|cFFFFD200World Event:|r Hallow's End|n,422,128807,0,6
|cFFFFD200Drop: |rHigh Priest Ikzan|n|cFFFFD200Zone: |rTanaan Jungle,425,122117,0,0
|cFFFFD200Treasure: |rLooted Bleeding Hollow Treasure|n|cFFFFD200Zone: |rTanaan Jungle,428,127709,0,0
|cFFFFD200Achievement: |rTaming the World|n|cFFFFD200Category: |rPet Battles,429,92738,0,-1
|cFFFFD200Vendor: |rCupri|n|cFFFFD200Zone: |rShattrath|n,431,129926,0,-1
|cFFFFD200Vendor: |rAuzin|n|cFFFFD200Zone: |rDalaran,432,129938,0,-1
|cFFFFD200Vendor: |rAuzin|n|cFFFFD200Zone: |rDalaran|n,433,129952,0,-1
|cFFFFD200Profession: |rLeatherworking,434,129956,0,3
|cFFFFD200Vendor: |rJepetto Joybuzz|n|cFFFFD200Zone: |rDalaran|n|cFFFFD200Cost: |r100|TINTERFACE\MONEYFRAME\UI-GOLDICON.BLP:0|t,435,129057,0,2
|cFFFFD200Vendor: |rCupri|n|cFFFFD200Zone: |rShattrath City|n|cFFFFD200Cost: |r500|TInterface\Icons\pvecurrency-justice.BLP:0|t,436,129929,0,2
|cFFFFD200Vendor: |rWarmage Kath'leen|n|cFFFFD200Zone: |rBroken Shore|n|cFFFFD200Faction: |rArmies of Legionfall - Revered|n|cFFFFD200Cost: |r1500|Hcurrency:1226|h|TInterface\Icons\inv_datacrystal01.BLP:0|t|h,437,130199,4,2
|cFFFFD200Treasure: |rTreasure Chest|n|cFFFFD200Zone: |rVal'sharah,438,130194,2,-1
|cFFFFD200Treasure: |rUnguarded Thistleleaf Treasure|n|cFFFFD200Zone: |rVal'sharah,439,130147,0,0
|cFFFFD200Treasure: |rSheddle's Chest,440,129055,0,0
|cFFFFD200Quest: |rMasters of Disguise|n|cFFFFD200Zone: |rStormheim,441,129093,0,1
|cFFFFD200Drop:|r Blackhoof|n|cFFFFD200Zone:|r Valley of the Four Winds|n|n|cFFFFD200Drop:|r Ordon Candlekeeper|n|cFFFFD200Zone:|r Timeless Isle,442,86565,0,-1
,443,129111,2,-1
|cFFFFD200Vendor: |rKiatke|n|cFFFFD200Zone: |rOrgrimmar / Stormwind City,444,133511,0,2
|cFFFFD200Vendor: |rKiatke|n|cFFFFD200Zone: |rOrgrimmar / Stormwind City,445,133542,0,-1
|cFFFFD200Vendor: |rRansa Greyfeather|n|cFFFFD200Zone: |rHighmountain|n|cFFFFD200Faction: |rHighmountain Tribe - Revered|n|cFFFFD200Cost: |r500|TINTERFACE\MONEYFRAME\UI-GOLDICON.BLP:0|t,446,131812,4,2
|cFFFFD200Zone: |rHighmountain,447,131811,0,-1
|cFFFFD200Promotion|r,448,93672,2,-1
|cFFFFD200Quest:|r Aviana's Request|n|cFFFFD200Zone:|r Garrison Inn|n,449,119093,0,0
|cFFFFD200Drop: |rAi-Ran the Shifting Cloud|n|cFFFFD200Zone: |rVale of Eternal Blossoms,451,86590,0,0
|cFFFFD200Drop: |rSahn Tidehunter|n|cFFFFD200Zone: |rVale of Eternal Blossoms,452,86582,0,0
|cFFFFD200Treasure: |rSunken Treasure|n|cFFFFD200Zone: |rTimeless Isle,453,134024,0,0
|cFFFFD200Drop: |rSalyin Warscout|n|cFFFFD200Zone: |rValley of the Four Winds,454,86583,0,0
|cFFFFD200Profession: |rArchaeology,455,64488,0,3
|cFFFFD200Drop: |rKal'tik the Blight|n|cFFFFD200Zone: |rVale of Eternal Blossoms,456,134023,0,0
|cFFFFD200Drop: |rGar'lok|n|cFFFFD200Zone: |rDread Wastes,457,86578,0,0
|cFFFFD200Drop:|r Ba'ruun|n|cFFFFD200Zone:|r Shadowmoon Valley|n|n,458,113540,0,0
|cFFFFD200Treasure: |rForeman's Lunchbox|n|cFFFFD200Zone: |rTalador,459,116120,0,0
|cFFFFD200Quest:|r Cenarion Concerns|n|cFFFFD200Zone:|r Garrison Inn,460,118935,0,-1
|cFFFFD200Treasure: |rBleeding Hollow Mushroom Stash|n|cFFFFD200Zone: |rTanaan,461,128223,0,-1
|cFFFFD200Drop: |rMajor Nanners|n|cFFFFD200Zone: |rVale of Eternal Blossoms,462,86594,0,0
|cFFFFD200Quest: |rLeaders Among Breeders|n|cFFFFD200Zone: |rValley of the Four Winds,463,88375,0,1
|cFFFFD200Profession: |rArchaeology,464,89614,0,3
|cFFFFD200Achievement: |rHigher Learning|n|cFFFFD200Category: |rGeneral,465,43824,0,5
|cFFFFD200Quest:|r Legacy of the Ancients|n|cFFFFD200Zone:|r Garrison Lumbermill ,466,115506,0,0
|cFFFFD200Vendor: |rSpeaker Gulan|n|cFFFFD200Zone: |rTimeless Isle,467,102467,0,2
|cFFFFD200Drop:|r Nessos the Oracle|n|cFFFFD200Zone:|r Kun-Lai Summit|n|n|cFFFFD200Drop:|r Great Turtle Furyshell|n|cFFFFD200Drop:|r Chelon |n|cFFFFD200Zone:|r Timeless Isle |n,468,86584,0,0
|cFFFFD200Drop: |rShinri|n|cFFFFD200Zone: |rShadowmoon Valley,469,113543,0,-1
|cFFFFD200Drop: |rHigh Priest of Ordos|n|cFFFFD200Zone: |rTimeless Isle,470,104329,0,0
|cFFFFD200Promotion|r,471,54452,2,-1
|cFFFFD200Vendor:|r Derek Odds|n|cFFFFD200Vendor:|r Misensi|n|cFFFFD200Zone:|r Dalaran|n|n|cFFFFD200Vendor:|r Mera Mistrunner|n|cFFFFD200Zone:|r Icecrown|n,472,134020,0,2
|cFFFFD200Profession: |rEngineering(490),473,60854,2,3
|cFFFFD200Profession: |rEngineering(600),474,87214,2,3
|cFFFFD200Profession: |rEngineering,475,111821,2,3
|cFFFFD200Profession: |rEngineering(425),476,40768,2,3
|cFFFFD200Profession: |rEngineering(435),477,48933,2,3
|cFFFFD200Profession: |rEngineering(570),478,87215,2,3
|cFFFFD200Profession: |rEngineering,479,112059,2,3
|cFFFFD200Profession: |rEngineering,480,18986,2,3
|cFFFFD200Profession: |rEngineering,481,30544,2,3
|cFFFFD200Profession: |rEngineering,482,18984,2,3
|cFFFFD200Profession: |rEngineering,483,30542,2,3
|cFFFFD200Profession: |rEngineering(500),484,40727,2,3
|cFFFFD200Drop:|r Ghostly Pandaren Fisherman|n|cFFFFD200Profession:|r Fishing|n,485,85973,2,0
|cFFFFD200Vendor: |rNat Pagle|n|cFFFFD200Zone: |rKrasarang Wilds|n|cFFFFD200Faction: |rThe Anglers - Revered|n|cFFFFD200Cost: |r1000|TINTERFACE\MONEYFRAME\UI-GOLDICON.BLP:0|t,486,85500,6,2
|cFFFFD200Drop: |rDon Carlos|n|cFFFFD200Zone: |rOld Hillsbrad Foothills,487,134019,0,0
|cFFFFD200Drop:|r Burgy Blackheart |n|cFFFFD200Zone:|r Vashj'ir|n,488,134022,0,0
|cFFFFD200Quest: |rBack to the Chief!|n|cFFFFD200Zone: |rNetherstorm,489,134021,0,1
|cFFFFD200Quest: |rA Shiny Reward|n|cFFFFD200Zone: |rThe Cape of Stranglethorn,490,133997,0,-1
|cFFFFD200Quest: |rOpen Their Eyes|n|cFFFFD200Zone: |rFelwood,491,133998,0,1
|cFFFFD200Vendor:|r Jonathan Stephens|n|cFFFFD200Vendor:|r Moz'def|n|cFFFFD200Zone:|r Garrison|n,492,122298,0,2
|cFFFFD200Drop: |rRai'vosh|n|cFFFFD200Zone: |rShadowmoon Valley,493,113542,0,0
|cFFFFD200Drop: |rStomper Kreego|n|cFFFFD200Zone: |rGorgrond,494,118224,0,0
|cFFFFD200Drop: |rGlimmerwing|n|cFFFFD200Zone: |rTalador,495,116113,0,0
|cFFFFD200Drop: |rGibblette the Cowardly|n|cFFFFD200Zone: |rFrostfire Ridge,496,119180,0,0
|cFFFFD200Quest: |rThe Storm Gathers|n|cFFFFD200Zone: |rTownlong Steppes,497,95567,0,1
|cFFFFD200Quest: |rThe Storm Gathers|n|cFFFFD200Zone: |rTownlong Steppes,498,95568,0,1
|cFFFFD200Drop: |rImp-Master Valessa|n|cFFFFD200Zone: |rTanaan Jungle,499,127655,0,0
|cFFFFD200Treasure: |rSkull of the Mad Chief|n|cFFFFD200Zone: |rTanaan Jungle,500,127669,0,0
|cFFFFD200Vendor: |rHaris Pilton|n|cFFFFD200Zone: |rTerokkar Forest|n|cFFFFD200Cost: |r5000|TINTERFACE\MONEYFRAME\UI-GOLDICON.BLP:0|t,501,134007,0,2
|cFFFFD200Vendor: |rHaris Pilton|n|cFFFFD200Zone: |rTerokkar Forest|n|cFFFFD200Cost: |r3000|TINTERFACE\MONEYFRAME\UI-GOLDICON.BLP:0|t,502,134004,0,2
|cFFFFD200Treasure: |rMedium Treasure Chest|n|cFFFFD200Zone: |rVal'sharah,503,130169,0,0
|cFFFFD200Vendor: |rMarin Bladewing|n|cFFFFD200Zone: |rAzsuna|n|cFFFFD200Faction: |rThe Wardens - Honored|n|cFFFFD200Cost: |r200|TINTERFACE\MONEYFRAME\UI-GOLDICON.BLP:0|t,504,130157,4,2
|cFFFFD200Vendor: |rSylvia Hartshorn|n|cFFFFD200Zone: |rVal'sharah|n|cFFFFD200Faction: |rDreamweavers - Friendly|n|cFFFFD200Cost: |r100|TINTERFACE\MONEYFRAME\UI-GOLDICON.BLP:0|t,505,130158,4,2
|cFFFFD200Drop: |rSeersei|n|cFFFFD200Zone: |rVal'sharah,506,130171,0,0
|cFFFFD200Vendor: |rSylvia Hartshorn|n|cFFFFD200Zone: |rVal'sharah|n|cFFFFD200Faction: |rDreamweavers - Honored|n|cFFFFD200Cost: |r200|TINTERFACE\MONEYFRAME\UI-GOLDICON.BLP:0|t,507,130170,4,2
|cFFFFD200Vendor: |rMarin Bladewing|n|cFFFFD200Zone: |rAzsuna|n|cFFFFD200Faction: |rThe Wardens - Honored|n|cFFFFD200Cost: |r200|TINTERFACE\MONEYFRAME\UI-GOLDICON.BLP:0|t,508,130191,4,2
|cFFFFD200Vendor: |rSylvia Hartshorn|n|cFFFFD200Zone: |rVal'sharah|n|cFFFFD200Faction: |rDreamweavers - Revered|n|cFFFFD200Cost: |r500|TINTERFACE\MONEYFRAME\UI-GOLDICON.BLP:0|t,509,130232,4,2
|cFFFFD200Drop: |rHenry|n|cFFFFD200Zone: |rVal'sharah,510,130214,0,0
|cFFFFD200Treasure: |rTreasure Chest|n|cFFFFD200Zone: |rVal'sharah,511,130249,2,0
|cFFFFD200Drop: |rWhitewater Typhoon|n|cFFFFD200Zone: |rStormheim,512,129045,2,0
|cFFFFD200Treasure: |rTreasure Chest|n|cFFFFD200Zone: |rStormheim,513,129165,0,0
|cFFFFD200Vendor: |rBreanni|n|cFFFFD200Zone: |rDalaran|n|cFFFFD200Cost: |r75|TINTERFACE\MONEYFRAME\UI-SILVERICON.BLP:0|t,514,37460,0,-1
|cFFFFD200Vendor: |rBreanni|n|cFFFFD200Zone: |rDalaran|n|cFFFFD200Cost: |r1|TINTERFACE\MONEYFRAME\UI-GOLDICON.BLP:0|t50|TINTERFACE\MONEYFRAME\UI-SILVERICON.BLP:0|t,515,44820,0,-1
|cFFFFD200Drop:|r Pet Supply Bags|n|cFFFFD200Sources:|r Pet Battle Masters |n,516,89139,0,0
|cFFFFD200Quest:|r Corrupted Studies|n|cFFFFD200Profession:|r Archaeology|n|n,520,131724,0,1
,521,136849,2,-1
,522,136846,2,-1
,525,136927,2,-1
,526,136855,2,-1
,527,136928,2,-1
,528,136934,2,-1
,529,136935,2,-1
,530,136937,2,-1
|cFFFFD200Profession: |rInscription,531,129211,0,3
|cFFFFD200Vendor: |rEndora Moorehead|n|cFFFFD200Zone: |rDalaran|n|cFFFFD200Cost: |r500|TINTERFACE\MONEYFRAME\UI-GOLDICON.BLP:0|t,532,137294,2,-1
|cFFFFD200Profession: |rLeatherworking,533,129958,0,3
|cFFFFD200Profession: |rLeatherworking,534,129960,0,3
|cFFFFD200Profession: |rLeatherworking,535,129961,0,3
|cFFFFD200Vendor: |rJepetto Joybuzz|n|cFFFFD200Cost: |r50|TINTERFACE\MONEYFRAME\UI-GOLDICON.BLP:0|t,536,137663,0,-1
|cFFFFD200Vendor: |rBoomie Sparks|n|cFFFFD200Zone: |rDarkmoon Island,537,138202,0,2
|cFFFFD200World Event:|r Pirates' Day|n|cFFFFD200Drop:|r Ol' Eary|n,538,138415,0,6
,539,138490,2,-1
|cFFFFD200Quest: |rThe Hunger Returns|n|cFFFFD200Zone: |rAzsuna|n|n|cFFFFD200Quest: |rThe Hunger Returns|n|cFFFFD200Zone: |rAzsuna,540,138876,0,1
|cFFFFD200Quest: |rDressing With Class|n|cFFFFD200Zone: |rAzsuna,541,138873,0,1
|cFFFFD200Vendor: |rVindicator Nuurem|n|cFFFFD200Zone: |rStormshield|n|cFFFFD200Faction: |rCouncil of Exarchs - Honored|n|cFFFFD200Cost: |r1000|TINTERFACE\MONEYFRAME\UI-GOLDICON.BLP:0|t,542,115472,4,2
|cFFFFD200Vendor: |rVeridis Fallon|n|cFFFFD200Zone: |rAzsuna|n|cFFFFD200Faction: |rCourt of Farondis - Honored|n|cFFFFD200Cost: |r100|TINTERFACE\MONEYFRAME\UI-GOLDICON.BLP:0|t,543,129279,4,2
|cFFFFD200Vendor: |rValdemar Stormseeker|n|cFFFFD200Zone: |rStormheim|n|cFFFFD200Faction: |rValarjar - Revered|n|cFFFFD200Cost: |r500|TINTERFACE\MONEYFRAME\UI-GOLDICON.BLP:0|t,544,129149,4,2
|cFFFFD200World Event:|r Feast of Winter Veil,545,139337,0,6
|cFFFFD200World Event:|r Feast of Winter Veil|n,546,128636,0,6
|cFFFFD200Profession: |rJewelcrafting,547,130254,0,3
|cFFFFD200Vendor: |rBron|n|cFFFFD200Zone: |rDurotar|n|cFFFFD200Cost: |r100|TINTERFACE\ICONS\INV_MISC_COIN_01.BLP:0|t|n|n|cFFFFD200Vendor: |rKeiran Donoghue|n|cFFFFD200Zone: |rDun Morogh|n|cFFFFD200Cost: |r100|TINTERFACE\ICONS\INV_MISC_COIN_01.BLP:0|t,548,138900,0,2
|cFFFFD200Achievement:|r Hatchling of the Talon|n|cFFFFD200Zone:|r Highmountain|n,549,139773,0,0
|cFFFFD200Order Hall:|r Uncrowned Vault,550,139587,0,-1
|cFFFFD200Order Hall:|r Skyhold Arena of Glory,551,140160,0,-1
|cFFFFD200Vendor: |rDraemus|n|cFFFFD200Zone: |rDalaran|n|cFFFFD200Cost: |r1000|TINTERFACE\ICONS\ACHIEVEMENT_GUILDPERK_HONORABLEMENTION.BLP:0|t,552,140231,0,2
|cFFFFD200Vendor:|r The Mad Merchant|n,553,140309,0,2
|cFFFFD200Drop:|r Dread Infiltrator|n,554,140363,0,0
|cFFFFD200Vendor: |rRansa Greyfeather|n|cFFFFD200Zone: |rHighmountain|n|cFFFFD200Faction: |rHighmountain Tribe - Friendly|n|cFFFFD200Cost: |r100|TINTERFACE\MONEYFRAME\UI-GOLDICON.BLP:0|t,557,131814,4,2
|cFFFFD200Drop: |rWorld Creatures,558,134831,0,0
|cFFFFD200Vendor: |rFirst Arcanist Thalyssra|n|cFFFFD200Zone: |rSuramar|n|cFFFFD200Faction: |rThe Nightfallen - Revered|n|cFFFFD200Cost: |r500|TINTERFACE\MONEYFRAME\UI-GOLDICON.BLP:0|t,559,140325,4,2
|cFFFFD200Vendor: |rFirst Arcanist Thalyssra|n|cFFFFD200Zone: |rSuramar|n|cFFFFD200Faction: |rThe Nightfallen - Honored|n|cFFFFD200Cost: |r200|TINTERFACE\MONEYFRAME\UI-GOLDICON.BLP:0|t,560,140324,4,2
|cFFFFD200Profession: |rEngineering,561,132518,0,3
|cFFFFD200Vendor: |rGift Shopkeeper|n|cFFFFD200Zone: |rSuramar,562,130151,0,2
|cFFFFD200Treasure: |rMaelstrom Chest|n|cFFFFD200Zone: |rThe Maelstrom,563,140632,2,0
|cFFFFD200Vendor: |rSlyhoof the Shameless Shaman|n|cFFFFD200Zone: |rHighmountain|n|cFFFFD200Cost: |r500|TINTERFACE\MONEYFRAME\UI-GOLDICON.BLP:0|t,564,140336,0,2
|cFFFFD200Quest: |rThis IS In My Contract.|n|cFFFFD200Zone: |rAzsuna,565,138878,0,1
|cFFFFD200Drop: |rThane Irglov the Merciless|n|cFFFFD200Zone: |rStormheim,566,129113,0,0
,567,140779,2,-1
|cFFFFD200Treasure: |r Glimmering Falanaar Treasure Chest|n|cFFFFD200Zone: |rSuramar,568,140780,0,-1
|cFFFFD200Profession: |rJewelcrafting,569,130251,0,3
|cFFFFD200Treasure: |rTreasure Chest|n|cFFFFD200Zone: |rAzsuna,570,122681,0,0
|cFFFFD200Quest: |rFriends in Cages|n|cFFFFD200Zone: |rSuramar,571,130209,0,1
|cFFFFD200Drop:|r PH|n,572,119211,2,0
|cFFFFD200Profession: |rEngineering,573,109167,0,3
|cFFFFD200Treasure: |rFalanaar Treasure Chest|n|cFFFFD200Zone: |rSuramar,574,140786,0,-1
|cFFFFD200Treasure: |r Glimmering Falanaar Treasure Chest|n|cFFFFD200Zone: |rSuramar,575,141297,0,-1
|cFFFFD200Treasure: |r Glimmering Falanaar Treasure Chest|n|cFFFFD200Zone: |rSuramar,576,141300,2,-1
|cFFFFD200Treasure: |r Glimmering Falanaar Treasure Chest|n|cFFFFD200Zone: |rSuramar,577,141298,0,-1
|cFFFFD200Treasure: |r Glimmering Falanaar Treasure Chest|n|cFFFFD200Zone: |rSuramar,578,141301,0,-1
|cFFFFD200Treasure: |r Glimmering Falanaar Treasure Chest|n|cFFFFD200Zone: |rSuramar,579,141306,0,-1
|cFFFFD200Treasure: |r Glimmering Falanaar Treasure Chest|n|cFFFFD200Zone: |rSuramar,580,141299,0,-1
|cFFFFD200Treasure: |r Glimmering Falanaar Treasure Chest|n|cFFFFD200Zone: |rSuramar,581,141296,0,-1
|cFFFFD200Drop:|r Endgineer Omegaplugg|n,582,141331,2,0
|cFFFFD200Quest: |rWolf Pack Attack|n|cFFFFD200Zone: |rHighmountain,584,131933,0,1
|cFFFFD200Drop: |rMajestic Elderhorn|n|cFFFFD200Zone: |rHighmountain,585,131900,0,0
|cFFFFD200Vendor: |rMidsummer Merchant|n|cFFFFD200Cost: |r500|TINTERFACE\ICONS\INV_SUMMERFEST_FIREFLOWER.BLP:0|t,586,141649,0,6
|cFFFFD200Quest: |rMglrgrs of Our Grmlgrlr|n|cFFFFD200Zone: |rSuramar,587,141879,0,1
|cFFFFD200Drop: |rPinchshank|n|cFFFFD200Zone: |rSuramar,588,140314,0,0
|cFFFFD200Drop: |rDoctor Weavil|n|cFFFFD200Zone: |rDustwallow Marsh,589,142265,0,0
|cFFFFD200World Event:|r Love is in the Air|n|n|cFFFFD200Vendor: |rLovely Merchant (Alliance)|n|cFFFFD200Zone: |rStormwind City|n|cFFFFD200Cost: |r270|TINTERFACE\ICONS\INV_VALENTINESCARD01.BLP:0|t|n|n|cFFFFD200Vendor: |rLovely Merchant (Horde)|n|cFFFFD200Zone: |rOrgrimmar|n|cFFFFD200Cost: |r270|TINTERFACE\ICONS\INV_VALENTINESCARD01.BLP:0|t,590,142341,0,6
|cFFFFD200Quest: |rSnowfeather Bonding|n,593,142497,0,1
|cFFFFD200Quest: |rSharptalon Bonding|n,594,142496,0,1
|cFFFFD200Quest: |rDirebeak Bonding|n,595,142495,0,1
|cFFFFD200Quest: |rBloodgazer Bonding|n,596,142494,0,1
|cFFFFD200Drop:|r Broken Isles Fishing|n,597,142528,0,0
|cFFFFD200Drop:|r Broken Isles Fishing,598,142529,0,0
|cFFFFD200Drop:|r Broken Isles Fishing|n,599,142530,0,0
|cFFFFD200Vendor: |rConjurer Margoss|n|cFFFFD200Zone: |rDalaran|n|cFFFFD200Faction: |rConjurer Margoss - Friend|n|cFFFFD200Cost: |r100|TINTERFACE\ICONS\INV_ELEMENTAL_PRIMAL_WATER.BLP:0|t,600,142531,4,-1
|cFFFFD200Vendor: |rConjurer Margoss|n|cFFFFD200Zone: |rDalaran|n|cFFFFD200Faction: |rConjurer Margoss - Friend|n|cFFFFD200Cost: |r100|Hitem:138777|h|TINTERFACE\ICONS\INV_ELEMENTAL_PRIMAL_WATER.BLP:0|t|h,601,142532,4,-1
|cFFFFD200Quest: |rCubic Coalescing,602,142536,0,1
,603,143545,2,-1
|cFFFFD200Drop: |rThe Nighthold|n|n|cFFFFD200Treasure: |rGift of the Nightborne|n|cFFFFD200Zone: |rThe Nighthold,604,143544,0,0
|cFFFFD200Event: |rDiablo 20th Anniversary,605,143543,2,6
|cFFFFD200Vendor: |rXur'ios|n|cFFFFD200Zone: |rDalaran|n|cFFFFD200Cost: |r50|TInterface\Icons\inv_misc_elvencoins.BLP:0|t,606,141862,0,2
"|cFFFFD200Vendor: |rAuzin
|cFFFFD200Zone: |rCrystalsong Forest
|cFFFFD200Cost: |r750|TInterface\Icons\pvecurrency-justice.BLP:0|t",607,129965,0,2
|cFFFFD200Treasure: |rWand of Simulated Life|n|cFFFFD200Zone: |rDalaran,608,143534,2,-1
|cFFFFD200Event: |rDiablo 20th Anniversary,609,142542,2,6
|cFFFFD200Drop:|r Broken Isles Fishing|n,610,143662,0,0
|cFFFFD200Profession: |rSkinning|n|cFFFFD200Quest: |rDrakol'nir Must Die|n|cFFFFD200Zone: |rStormheim,611,130102,0,-1
|cFFFFD200Quest: |rComplete the Broken Shore portion of your class Order Campaign.,612,143727,0,1
|cFFFFD200Achievement:|r No Shellfish Endeavor|n,613,143660,0,5
|cFFFFD200World Event:|r Lunar Festival|n|n|cFFFFD200Vendor: |rFariel Starsong|n|cFFFFD200Zone: |rMoonglade|n|cFFFFD200Cost: |r25|TINTERFACE\ICONS\INV_MISC_ELVENCOINS.BLP:0|t,614,143827,0,6
|cFFFFD200World Event:|r Lunar Festival|n|n|cFFFFD200Vendor: |rFariel Starsong|n|cFFFFD200Zone: |rMoonglade|n|cFFFFD200Cost: |r10|TINTERFACE\ICONS\INV_MISC_ELVENCOINS.BLP:0|t,615,143828,0,6
|cFFFFD200World Event:|r Lunar Festival|n|n|cFFFFD200Vendor: |rFariel Starsong|n|cFFFFD200Zone: |rMoonglade|n|cFFFFD200Cost: |r25|TINTERFACE\ICONS\INV_MISC_ELVENCOINS.BLP:0|t,616,143829,0,6
|cFFFFD200World Event:|r Love is in the Air|n|n|cFFFFD200Vendor: |rLovely Merchant (Alliance)|n|cFFFFD200Zone: |rStormwind City|n|cFFFFD200Cost: |r200|TINTERFACE\ICONS\INV_VALENTINESCARD01.BLP:0|t|n|n|cFFFFD200Vendor: |rLovely Merchant (Horde)|n|cFFFFD200Zone: |rOrgrimmar|n|cFFFFD200Cost: |r200|TINTERFACE\ICONS\INV_VALENTINESCARD01.BLP:0|t,618,144339,0,6
|cFFFFD200Vendor: |rMistweaver Xia|n|cFFFFD200Zone: |rTimeless Isle|n|cFFFFD200Cost: |r500|Hcurrency:1166|h|TInterface\Icons\pvecurrency-justice.BLP:0|t|h,619,144393,0,2
|cFFFFD200Vendor:|r Ilyssia of the Waters|n|cFFFFD200Zone:|r Azsuna|n|cFFFFD200Profession:|r Fishing|n|cFFFFD200Reputation:|r Ilyssia of the Waters - Best Friend|n,621,147308,0,2
|cFFFFD200Vendor:|r Impus|n|cFFFFD200Zone:|r Broken Shore|n|cFFFFD200Profession:|r Fishing|n|cFFFFD200Reputation:|r Impus - Best Friend,622,147312,0,2
|cFFFFD200Vendor:|r Akule Riverhorn|n|cFFFFD200Zone:|r Highmountain|n|cFFFFD200Profession:|r Fishing|n|cFFFFD200Reputation:|r Akule Riverhorn - Best Friend,623,147310,0,2
|cFFFFD200Vendor:|r Corbyn|n|cFFFFD200Zone:|r Stormheim|n|cFFFFD200Profession:|r Fishing|n|cFFFFD200Reputation:|r Corbyn - Best Friend,624,147307,0,2
|cFFFFD200Vendor:|r Sha'leth|n|cFFFFD200Zone:|r Suramar|n|cFFFFD200Profession:|r Fishing|n|cFFFFD200Reputation:|r Sha'leth - Best Friend|n|n,625,147311,0,2
|cFFFFD200Vendor:|r Keeper Raynae|n|cFFFFD200Zone:|r Val'sharah|n|cFFFFD200Profession:|r Fishing|n|cFFFFD200Reputation:|r Keeper Raynae - Best Friend|n,626,147309,0,2
"|cFFFFD200Vendor: |rFalara Nightsong|n|cFFFFD200Zone: |rMardum, the Shattered Abyss|n|cFFFFD200Cost: |r10000|Hcurrency:1220|h|TInterface\Icons\inv_orderhall_orderresources.BLP:0|t|h",627,147537,0,2
|cFFFFD200Vendor: |rUthel'nay|n|cFFFFD200Zone: |rHall of the Guardian|n|cFFFFD200Cost: |r1000|Hcurrency:1220|h|TInterface\ICONS\INV_OrderHall_OrderResources.BLP:0|t|h,628,147832,0,2
|cFFFFD200Quest: |rDown the Rabbit Hole - Mage Campaign|n|cFFFFD200Zone: |rHall of the Guardian,629,147838,0,-1
|cFFFFD200Drop:|r Warden's Supply Kit|n,630,147843,0,0
|cFFFFD200Drop:|r Curious Wyrmtongue Cache|n,631,147867,0,0
|cFFFFD200Vendor: |rWarmage Kath'leen|n|cFFFFD200Zone: |rBroken Shore|n|cFFFFD200Faction: |rArmies of Legionfall - Exalted|n|cFFFFD200Cost: |r5000|Hcurrency:1226|h|TInterface\Icons\inv_datacrystal01.BLP:0|t|h,632,147708,4,2
|cFFFFD200Vendor: |rMistweaver Xia|n|cFFFFD200Zone: |rTimeless Isle|n|cFFFFD200Cost: |r1000|Hcurrency:1166|h|TInterface\Icons\pvecurrency-justice.BLP:0|t|h,633,144072,0,2
|cFFFFD200Vendor: |rTreasure Master Iks'reeged|n|cFFFFD200Zone: |rBroken Shore|n|cFFFFD200Cost: |r50000|Hcurrency:1226|h|TInterface\Icons\inv_datacrystal01.BLP:0|t|h,634,142452,0,2
"|cFFFFD200World Event:|r Pirates' Day|n|n|cFFFFD200Vendor: |rEdward Techt|n|cFFFFD200Zone: |rThe Cape of Stranglethorn|n|cFFFFD200Cost: |r10|TINTERFACE\MONEYFRAME\UI-GOLDICON.BLP:0|t|n|cFFFFD200Required Achievement: |rAvast Ye, Admiral!",639,150547,2,6
|cFFFFD200Vendor: |rCupri|n|cFFFFD200Zone: |rShattrath City|n|cFFFFD200Cost: |r750|Hcurrency:1166|h|TInterface\ICONS\PVECurrency-Justice.blp:0|t|h,640,151016,0,2
|cFFFFD200World Event:|r Hallow's End|n|cFFFFD200Vendor: |rChub / Dorothy|n|cFFFFD200Zone: |rTirisfal Glades / Stormwind City|n|cFFFFD200Cost: |r150|TINTERFACE\ICONS\ACHIEVEMENT_HALLOWEEN_CANDY_01.BLP:0|t|n|n,641,151271,0,6
|cFFFFD200World Event:|r Hallow's End|n|cFFFFD200Vendor: |rChub / Dorothy|n|cFFFFD200Zone: |rTirisfal Glades / Stormwind City|n|cFFFFD200Cost: |r150|TINTERFACE\ICONS\ACHIEVEMENT_HALLOWEEN_CANDY_01.BLP:0|t|n|n,642,151270,0,6
|cFFFFD200World Event:|r Feast of Winter Veil|n,643,151344,0,6
|cFFFFD200World Event:|r Feast of Winter Veil|n,644,151343,0,6
|cFFFFD200Drop: |rDeath Metal Knight|n|cFFFFD200Zone: |rDarkmoon Island,645,151265,0,0
|cFFFFD200Vendor: |rCupri|n|cFFFFD200Zone: |rShattrath City|n|cFFFFD200Cost: |r500|Hcurrency:1166|h|TInterface\ICONS\PVECurrency-Justice.blp:0|t|h,646,151184,0,2
|cFFFFD200Vendor: |rKrom Stoutarm|n|cFFFFD200Zone: |rIronforge|n|cFFFFD200Cost: |r10000|TINTERFACE\MONEYFRAME\UI-GOLDICON.BLP:0|t,647,150743,0,-1
|cFFFFD200Vendor: |rKrom Stoutarm|n|cFFFFD200Zone: |rIronforge|n|cFFFFD200Cost: |r10000|TINTERFACE\MONEYFRAME\UI-GOLDICON.BLP:0|t|n,651,150746,0,-1
|cFFFFD200Player vs. Player:|r Honor Level 10|n,652,134026,0,5
|cFFFFD200Player vs. Player:|r Honor Level 30,653,134031,0,5
|cFFFFD200Player vs. Player:|r Honor Level 60,654,134032,0,5
|cFFFFD200Player vs. Player:|r Honor Level 90,655,134034,0,5
|cFFFFD200Vendor: |rEstelle Gendry|n|cFFFFD200Zone: |rOrgrimmar|n|cFFFFD200Cost: |r10000|TINTERFACE\MONEYFRAME\UI-GOLDICON.BLP:0|t|n,656,150744,0,-1
|cFFFFD200Vendor: |rEstelle Gendry|n|cFFFFD200Zone: |rOrgrimmar|n|cFFFFD200Cost: |r10000|TINTERFACE\MONEYFRAME\UI-GOLDICON.BLP:0|t,657,150745,0,-1
|cFFFFD200Pickpocketing|r|n,658,151877,2,0
|cFFFFD200Vendor:|r Akule Riverhorn|n|cFFFFD200Zone:|r Highmountain|n|cFFFFD200Profession:|r Fishing|n|cFFFFD200Reputation:|r Akule Riverhorn - Good Friend,659,152556,0,2
|cFFFFD200Vendor:|r Corbyn|n|cFFFFD200Zone:|r Stormheim|n|cFFFFD200Profession:|r Fishing|n|cFFFFD200Reputation:|r Corbyn - Helpful Friend,660,152574,0,2
|cFFFFD200World Event:|r Feast of Winter Veil,661,151349,0,6
|cFFFFD200World Event:|r Feast of Winter Veil,662,151348,0,6
|cFFFFD200Vendor: |rValdemar Stormseeker|n|cFFFFD200Zone: |rStormheim|n|cFFFFD200Faction: |rValarjar - Honored|n|cFFFFD200Cost: |r10|TINTERFACE\MONEYFRAME\UI-GOLDICON.BLP:0|t,663,129367,0,2
|cFFFFD200Drop: |rVixx the Collector|n|cFFFFD200Zone: |rThe Seat of the Triumvirate,664,152982,2,0
|cFFFFD200Drop: |rVixx the Collector|n|cFFFFD200Zone: |rThe Seat of the Triumvirate,665,153004,2,0
|cFFFFD200Vendor: |rToraan the Revered|n|cFFFFD200Zone: |rArgus|n|cFFFFD200Faction: |rArgussian Reach - Honored|n|cFFFFD200Cost: |r75|TINTERFACE\MONEYFRAME\UI-GOLDICON.BLP:0|t,666,153039,4,-1
|cFFFFD200Drop: |rSister Subversia|n|cFFFFD200Zone: |rKrokuun,667,153124,0,0
|cFFFFD200Drop: |rWrath-Lord Yarez|n|cFFFFD200Zone: |rAntoran Wastes,668,153126,0,0
|cFFFFD200Drop: |rInstructor Tarahna|n|cFFFFD200Zone: |rEredath,669,153180,0,0
|cFFFFD200Drop: |rInstructor Tarahna|n|cFFFFD200Zone: |rEredath,670,153179,0,0
|cFFFFD200Drop: |rInstructor Tarahna|n|cFFFFD200Zone: |rEredath,671,153181,0,0
|cFFFFD200Drop:|r Gleaming Footlocker,672,153182,0,0
|cFFFFD200Drop: |rArgus,673,153183,0,0
|cFFFFD200Drop: |rBaruut the Bloodthirsty|n|cFFFFD200Zone: |rEredath,674,153193,0,0
|cFFFFD200Vendor: |rOrix the All-Seer|n|cFFFFD200Zone: |rAntoran Wastes|n|cFFFFD200Cost: |r1000|Hitem:153021|h|TInterface\ICONS\INV_Misc_Eye_02.blp:0|t|h,675,153204,0,2
|cFFFFD200Profession: |rEngineering,676,151652,2,3
|cFFFFD200Drop: |rSquadron Commander Vishax,677,153253,0,-1
|cFFFFD200Drop:|r Doomcaster Suprax|n,678,153194,0,0
|cFFFFD200Drop:|r Rezira the Seer|n,679,153293,0,0
|cFFFFD200Vendor: |rGriftah|n|cFFFFD200Zone: |rZuldazar,680,156649,0,6
|cFFFFD200Achievement:|r Priority Mail|n,681,156833,0,5
|cFFFFD200Quest:|r Tiny Treasures|n|cFFFFD200Zone: |rZuldazar,682,156871,0,1
|cFFFFD200Holiday:|r WoW's Anniversary,683,158149,0,6
|cFFFFD200Profession:|r Zandalari Archaeology|n,684,160740,0,3
|cFFFFD200Profession:|r Drust Archaeology|n,685,160751,0,3
,686,161342,2,-1
|cFFFFD200Vendor: |rStamp Thunderhorn|n|cFFFFD200Zone: |rDarkmoon Island|n|cFFFFD200Cost: |r50|Hcurrency:515|h|TInterface\ICONS\INV_Misc_Ticket_Darkmoon_01.blp:0|t|h,787,162539,0,2
|cFFFFD200Vendor: |rTrader Haw'li|n|cFFFFD200Zone: |rZuldazar|n|cFFFFD200Cost: |r66|TINTERFACE\MONEYFRAME\UI-GOLDICON.BLP:0|t,788,159749,0,2
|cFFFFD200World Event:|r Feast of Winter Veil|n,789,162643,0,6
|cFFFFD200World Event:|r Feast of Winter Veil|n,790,162642,0,6
|cFFFFD200World Event:|r Feast of Winter Veil|n,791,162973,0,6
|cFFFFD200World Event:|r Hallow's End,792,163045,0,6
|cFFFFD200Vendor: |rHoarder Jena|n|cFFFFD200Zone: |rVol'dun|n|cFFFFD200Faction: |rVoldunai - Honored|n|cFFFFD200Cost: |r1500|TINTERFACE\MONEYFRAME\UI-GOLDICON.BLP:0|t,793,163211,4,2
|cFFFFD200Vendor: |rNatal'hakata|n|cFFFFD200Zone: |rZuldazar|n|cFFFFD200Faction: |rZandalari Empire - Revered|n|cFFFFD200Cost: |r1000|TINTERFACE\MONEYFRAME\UI-GOLDICON.BLP:0|t,795,163210,4,2
|cFFFFD200Vendor: |rQuartermaster Alcorn|n|cFFFFD200Zone: |rDrustvar|n|cFFFFD200Faction: |rOrder of Embers - Revered|n|cFFFFD200Cost: |r1000|TINTERFACE\MONEYFRAME\UI-GOLDICON.BLP:0|t,796,163206,2,2
|cFFFFD200Vendor: |rProvisioner Fray|n|cFFFFD200Zone: |rTiragarde Sound|n|cFFFFD200Faction: |rProudmoore Admiralty - Honored|n|cFFFFD200Cost: |r1500|TINTERFACE\MONEYFRAME\UI-GOLDICON.BLP:0|t,797,163201,4,2
|cFFFFD200Vendor: |rProvisioner Fray|n|cFFFFD200Zone: |rTiragarde Sound|n|cFFFFD200Faction: |rProudmoore Admiralty - Revered|n|cFFFFD200Cost: |r1000|TINTERFACE\MONEYFRAME\UI-GOLDICON.BLP:0|t,798,163200,4,2
|cFFFFD200Vendor: |rHoarder Jena|n|cFFFFD200Zone: |rVol'dun|n|cFFFFD200Faction: |rVoldunai - Honored|n|cFFFFD200Cost: |r1500|TINTERFACE\MONEYFRAME\UI-GOLDICON.BLP:0|t,799,159753,4,2
|cFFFFD200Vendor: |rHoarder Jena|n|cFFFFD200Zone: |rVol'dun|n|cFFFFD200Faction: |rVoldunai - Revered|n|cFFFFD200Cost: |r1000|TINTERFACE\MONEYFRAME\UI-GOLDICON.BLP:0|t,800,163565,2,2
|cFFFFD200Vendor: |rHoarder Jena|n|cFFFFD200Zone: |rVol'dun|n|cFFFFD200Faction: |rVoldunai - Honored|n|cFFFFD200Cost: |r1500|TINTERFACE\MONEYFRAME\UI-GOLDICON.BLP:0|t,801,163566,2,2
|cFFFFD200Treasure: |rDresser|n|cFFFFD200Zone: |rDrustvar,802,163603,2,0
|cFFFFD200Quest: |rSharp Thinking|n|cFFFFD200Zone: |rDrustvar,803,163607,0,1
|cFFFFD200Achievement: |rBattle on Zandalar and Kul Tiras|n|cFFFFD200Category: |rBattle,804,163697,0,5
|cFFFFD200Drop: |rGeomancer Flintdagger|n|cFFFFD200Zone: |rArathi Highlands,805,163713,0,-1
|cFFFFD200Drop: |rFoulbelly|n|cFFFFD200Zone: |rArathi Highlands,806,163735,0,-1
|cFFFFD200Drop: |rHorrific Apparition|n|cFFFFD200Zone: |rArathi Highlands,807,163736,0,-1
|cFFFFD200Drop: |rSinger|n|cFFFFD200Zone: |rArathi Highlands,808,163738,0,-1
|cFFFFD200Drop: |rRuul Onestone|n|cFFFFD200Zone: |rArathi Highlands,809,163741,0,-1
|cFFFFD200Drop: |rKor'gresh Coldrage|n|cFFFFD200Zone: |rArathi Highlands,810,163744,0,-1
|cFFFFD200Drop: |rZalas Witherbark|n|cFFFFD200Zone: |rArathi Highlands,811,163745,0,-1
|cFFFFD200Drop: |rKovork|n|cFFFFD200Zone: |rArathi Highlands,812,163750,0,-1
|cFFFFD200Drop: |rMolok the Crusher|n|cFFFFD200Zone: |rArathi Highlands,813,163775,0,-1
|cFFFFD200Treasure: |rRunebound Chest|n|cFFFFD200Zone: |rDrustvar,814,163742,0,0
|cFFFFD200Treasure: |rRunebound Coffer|n|cFFFFD200Zone: |rDrustvar,815,163740,0,0
|cFFFFD200Vendor: |r Madeline Netley|n|cFFFFD200Zone: |r Stormsong Valley|n|cFFFFD200Cost: |r500 |Tinterface\icons\inv_currency_petbattle.blp:0|t|n|n|cFFFFD200Vendor: |r Happy Holaua|n|cFFFFD200Zone: |r Zuldazar|n|cFFFFD200Cost: |r500 |Tinterface\icons\inv_currency_petbattle.blp:0|t,816,163704,0,-1
|cFFFFD200Vendor: |r Madeline Netley|n|cFFFFD200Zone: |r Stormsong Valley|n|cFFFFD200Cost: |r250 |Tinterface\icons\inv_currency_petbattle.blp:0|t|n|n|cFFFFD200Vendor: |r Happy Holaua|n|cFFFFD200Zone: |r Zuldazar|n|cFFFFD200Cost: |r250 |Tinterface\icons\inv_currency_petbattle.blp:0|t,817,163705,0,-1
|cFFFFD200Drop:|r Island Expeditions|n,819,163795,0,0
|cFFFFD200Drop: |rDoom's Howl|n|cFFFFD200Zone: |rArathi Highlands,820,163828,0,0
|cFFFFD200Drop: |rThe Lion's Roar|n|cFFFFD200Zone: |rArathi Highlands,821,163829,0,0
|cFFFFD200Drop:|r Island Expeditions|n,822,163924,0,0
|cFFFFD200Promotion:|r Blizzcon 2018|n,823,163987,2,7
|cFFFFD200Promotion:|r Blizzcon 2018|n,824,163986,2,7
|cFFFFD200World Quest: |rOld R'gal|n|cFFFFD200Zone: |rZuldazar|n|n|cFFFFD200World Quest: |rWrath of Rezan|n|cFFFFD200Zone: |rZuldazar,827,160509,0,1
|cFFFFD200Drop:|r Island Expeditions|n,828,164375,0,0
|cFFFFD200Drop:|r Island Expeditions|n,829,164374,0,0
|cFFFFD200Drop:|r Island Expeditions|n,832,164373,0,0
|cFFFFD200Vendor: |rSister Lilyana|n|cFFFFD200Zone: |rStormsong Valley|n|cFFFFD200Faction: |rStorm's Wake - Revered|n|cFFFFD200Cost: |r1800|TINTERFACE\MONEYFRAME\UI-GOLDICON.BLP:0|t,834,163463,4,2
|cFFFFD200Player vs. Player:|r Honor Level 175,890,164310,0,5
|cFFFFD200Vendor: |rRhan'ka|n|cFFFFD200Zone: |rVol'dun,891,164983,0,6
|cFFFFD200Vendor: |rHoarder Jena|n|cFFFFD200Zone: |rVol'dun|n|cFFFFD200Faction: |rVoldunai - Exalted|n|cFFFFD200Cost: |r1800|TINTERFACE\MONEYFRAME\UI-GOLDICON.BLP:0|t,892,165021,4,6
|cFFFFD200World Event:|r Lunar Festival|n|n|cFFFFD200Vendor: |rFariel Starsong|n|cFFFFD200Zone: |rMoonglade|n|cFFFFD200Cost: |r25|TINTERFACE\ICONS\INV_MISC_ELVENCOINS.BLP:0|t,893,165671,0,6
|cFFFFD200World Event:|r Lunar Festival|n|n|cFFFFD200Vendor: |rFariel Starsong|n|cFFFFD200Zone: |rMoonglade|n|cFFFFD200Cost: |r10|TINTERFACE\ICONS\INV_MISC_ELVENCOINS.BLP:0|t,894,165672,0,6
|cFFFFD200World Event:|r Lunar Festival|n|n|cFFFFD200Vendor: |rFariel Starsong|n|cFFFFD200Zone: |rMoonglade|n|cFFFFD200Cost: |r25|TINTERFACE\ICONS\INV_MISC_ELVENCOINS.BLP:0|t,895,165673,0,6
|cFFFFD200World Event:|r Lunar Festival|n|n|cFFFFD200Vendor: |rFariel Starsong|n|cFFFFD200Zone: |rMoonglade|n|cFFFFD200Cost: |r25|TINTERFACE\ICONS\INV_MISC_ELVENCOINS.BLP:0|t,896,165674,0,6
|cFFFFD200World Event:|r Lunar Festival|n|n|cFFFFD200Vendor: |rFariel Starsong|n|cFFFFD200Zone: |rMoonglade|n|cFFFFD200Cost: |r10|TINTERFACE\ICONS\INV_MISC_ELVENCOINS.BLP:0|t,897,165675,0,6
|cFFFFD200World Event:|r Lunar Festival|n|n|cFFFFD200Vendor: |rFariel Starsong|n|cFFFFD200Zone: |rMoonglade|n|cFFFFD200Cost: |r25|TINTERFACE\ICONS\INV_MISC_ELVENCOINS.BLP:0|t,898,165676,0,6
|cFFFFD200Quest: |rA Warrior's Death|n|cFFFFD200Zone: |rSwamp of Sorrows|n|n|cFFFFD200Quest: |rOld Soldier|n|cFFFFD200Zone: |rDurotar,899,165791,0,1
|cFFFFD200Drop:|r Talanji's Expedition Supplies,900,166308,0,0
|cFFFFD200Achievement: |rUpright Citizens|n|cFFFFD200Category: |rBattle for Azeroth,901,166247,0,5
|cFFFFD200Vendor: |rCaptain Klarisa|n|cFFFFD200Zone: |rTiragarde Sound|n|cFFFFD200Cost: |r500|Hcurrency:1710|h|TInterface\ICONS\INV_Misc_AzsharaCoin.BLP:0|t|h|n|n|cFFFFD200Vendor: |rCaptain Zen'taga|n|cFFFFD200Zone: |rZuldazar|n|cFFFFD200Cost: |r500|Hcurrency:1710|h|TInterface\ICONS\INV_Misc_AzsharaCoin.BLP:0|t|h,902,166461,0,2
|cFFFFD200Vendor: |rCaptain Klarisa|n|cFFFFD200Zone: |rTiragarde Sound|n|cFFFFD200Cost: |r200|Hcurrency:1710|h|TInterface\ICONS\INV_Misc_AzsharaCoin.BLP:0|t|h|n|n|cFFFFD200Vendor: |rCaptain Zen'taga|n|cFFFFD200Zone: |rZuldazar|n|cFFFFD200Cost: |r200|Hcurrency:1710|h|TInterface\ICONS\INV_Misc_AzsharaCoin.BLP:0|t|h,903,166662,0,2
|cFFFFD200Vendor: |rCaptain Klarisa|n|cFFFFD200Zone: |rTiragarde Sound|n|cFFFFD200Cost: |r150|Hcurrency:1710|h|TInterface\ICONS\INV_Misc_AzsharaCoin.BLP:0|t|h|n|n|cFFFFD200Vendor: |rCaptain Zen'taga|n|cFFFFD200Zone: |rZuldazar|n|cFFFFD200Cost: |r150|Hcurrency:1710|h|TInterface\ICONS\INV_Misc_AzsharaCoin.BLP:0|t|h,904,166663,0,2
|cFFFFD200Quest: |rAftermath|n|cFFFFD200Zone: |rDarkshore,905,166678,0,1
|cFFFFD200Quest: |rDark Ranger Round-Up|n|cFFFFD200Zone: |rDarkshore,906,166544,0,1
|cFFFFD200Drop:|r Zandalari Empire Supplies,907,166701,0,-1
|cFFFFD200Drop:|r Proudmoore Admiralty Supplies,908,166702,0,-1
|cFFFFD200Drop:|r Voldunai Supplies,909,166703,0,-1
|cFFFFD200Drop:|r Tortollan Seekers Supplies,910,166704,0,-1
|cFFFFD200Vendor: |rProvisioner Stoutforge|n|cFFFFD200Zone: |rTiragarde Sound|n|cFFFFD200Cost: |r125|Hcurrency:1717|h|TInterface\ICONS\INV_AllianceWarEffort.BLP:0|t|h,911,166744,0,2
|cFFFFD200Vendor: |rProvisioner Mukra|n|cFFFFD200Zone: |rZuldazar|n|cFFFFD200Cost: |r125|Hcurrency:1716|h|TInterface\ICONS\INV_HordeWarEffort.BLP:0|t|h,912,166743,0,2
|cFFFFD200In-Game Shop|r |n,913,166778,2,9
|cFFFFD200In-Game Shop|r |n,914,166777,2,9
|cFFFFD200World Event:|r Lunar Festival,916,165669,0,-1
|cFFFFD200World Event:|r Love is in the Air,917,165670,0,-1
|cFFFFD200World Event:|r Noblegarden,918,165802,0,-1
|cFFFFD200World Event:|r Midsummer Fire Festival,919,166746,0,-1
|cFFFFD200World Event:|r Brewfest,920,166747,0,-1
|cFFFFD200Drop: |rAthrikus Narassin|n|cFFFFD200Zone: |rDarkshore,921,166784,0,0
|cFFFFD200Drop: |rGren Tornfur|n|cFFFFD200Zone: |rDarkshore,922,166785,0,0
|cFFFFD200Drop: |rCommander Ral'esh|n|cFFFFD200Zone: |rDarkshore,923,166787,0,0
|cFFFFD200Drop: |rSapper Odette|n|cFFFFD200Zone: |rDarkshore|n|n|cFFFFD200Drop: |rBurninator Mark V|n|cFFFFD200Zone: |rDarkshore,924,166788,0,-1
|cFFFFD200Drop:|r Commander Drald|n|cFFFFD200Zone:|r Darkshore|n|n|cFFFFD200Drop:|r Thelar Moonstrike|n|cFFFFD200Zone:|r Darkshore,925,166790,0,0
|cFFFFD200In-Game Shop|r|n,926,166779,0,9
|cFFFFD200Drop:|r Voldunai Supplies|n,927,166880,0,0
|cFFFFD200Drop:|r Order of Embers Supplies|n,928,166808,0,0
,929,166851,2,0
|cFFFFD200Drop:|r Champions of Azeroth Supplies|n,930,166877,0,0
|cFFFFD200Drop:|r 7th Legion Supplies|n|n|cFFFFD200Drop:|r Honorbound Supplies|n,931,166879,0,0
|cFFFFD200Drop: |rKill Saw|n|cFFFFD200Zone: |rMechagon,940,167931,0,0
|cFFFFD200Vendor: |rKronnus|n|cFFFFD200Zone: |rWarspear|n|cFFFFD200Cost: |r500|Hcurrency:1166|h|TInterface\ICONS\PVECurrency-Justice.blp:0|t|h|n|n|cFFFFD200Vendor: |rTempra|n|cFFFFD200Zone: |rStormshield|n|cFFFFD200Cost: |r500|Hcurrency:1166|h|TInterface\ICONS\PVECurrency-Justice.blp:0|t|h,941,168012,0,2
|cFFFFD200Vendor: |rKronnus|n|cFFFFD200Zone: |rWarspear|n|cFFFFD200Cost: |r750|Hcurrency:1166|h|TInterface\ICONS\PVECurrency-Justice.blp:0|t|h|n|n|cFFFFD200Vendor: |rTempra|n|cFFFFD200Zone: |rStormshield|n|cFFFFD200Cost: |r750|Hcurrency:1166|h|TInterface\ICONS\PVECurrency-Justice.blp:0|t|h,942,168014,0,2
|cFFFFD200Quest: |rHis Eye Upon You|n|cFFFFD200Zone: |rZuldazar|n|n|cFFFFD200Quest: |rHis Eye Upon You|n|cFFFFD200Zone: |rStormsong Valley,943,168123,0,-1
|cFFFFD200Achievement: |rSecret Fish and Where to Find Them|n|cFFFFD200Category: |rFishing,944,168016,0,5
|cFFFFD200Vendor: |rCrafticus Mindbender|n|cFFFFD200Zone: |rAshran|n|cFFFFD200Cost: |r10|Hitem:137642|h|TInterface\ICONS\Ability_PVP_GladiatorMedallion.BLP:0|t|h|n|n|cFFFFD200Vendor: |rDazzerian|n|cFFFFD200Zone: |rAshran|n|cFFFFD200Cost: |r10|Hitem:137642|h|TInterface\ICONS\Ability_PVP_GladiatorMedallion.BLP:0|t|h,945,115501,0,-1
|cFFFFD200Vendor: |rCrafticus Mindbender|n|cFFFFD200Zone: |rAshran|n|cFFFFD200Faction: |rWrynn's Vanguard - Revered|n|cFFFFD200Cost: |r10|Hitem:137642|h|TInterface\ICONS\Ability_PVP_GladiatorMedallion.BLP:0|t|h,946,116396,0,-1
|cFFFFD200Vendor: |rDazzerian|n|cFFFFD200Zone: |rAshran|n|cFFFFD200Faction: |rWrynn's Vanguard - Revered|n|cFFFFD200Cost: |r10|Hitem:137642|h|TInterface\ICONS\Ability_PVP_GladiatorMedallion.BLP:0|t|h,947,115505,0,-1
|cFFFFD200Profession: |rEngineering,948,168807,2,3
|cFFFFD200Profession: |rEngineering,949,168808,2,3
|cFFFFD200Treasure: |rWorld Arcane Chest Drop,950,168824,0,0
,953,168836,2,-1
|cFFFFD200Mechagon:|r Junkyard Tinkering,955,168907,0,-1
|cFFFFD200Vendor: |rCrafticus Mindbender|n|cFFFFD200Zone: |rNazjatar|n|cFFFFD200Cost: |r10|Hitem:168802|h|TInterface\ICONS\inv_misc_token_pvp01.BLP:0|t|h|n|n|cFFFFD200Vendor: |rDazzerian|n|cFFFFD200Zone: |rNazjatar|n|cFFFFD200Cost: |r10|Hitem:168802|h|TInterface\ICONS\inv_misc_token_pvp01.BLP:0|t|h,956,169275,0,2
|cFFFFD200Vendor: |rCrafticus Mindbender|n|cFFFFD200Zone: |rNazjatar|n|cFFFFD200Cost: |r10|Hitem:168802|h|TInterface\ICONS\inv_misc_token_pvp01.BLP:0|t|h|n|n|cFFFFD200Vendor: |rDazzerian|n|cFFFFD200Zone: |rNazjatar|n|cFFFFD200Cost: |r10|Hitem:168802|h|TInterface\ICONS\inv_misc_token_pvp01.BLP:0|t|h,957,169276,0,2
|cFFFFD200Vendor: |rCrafticus Mindbender|n|cFFFFD200Zone: |rNazjatar|n|cFFFFD200Cost: |r30|Hitem:168802|h|TInterface\ICONS\inv_misc_token_pvp01.BLP:0|t|h|n|n|cFFFFD200Vendor: |rDazzerian|n|cFFFFD200Zone: |rNazjatar|n|cFFFFD200Cost: |r30|Hitem:168802|h|TInterface\ICONS\inv_misc_token_pvp01.BLP:0|t|h,958,169278,0,2
|cFFFFD200Vendor: |rCrafticus Mindbender|n|cFFFFD200Zone: |rNazjatar|n|cFFFFD200Cost: |r30|Hitem:168802|h|TInterface\ICONS\inv_misc_token_pvp01.BLP:0|t|h|n|n|cFFFFD200Vendor: |rDazzerian|n|cFFFFD200Zone: |rNazjatar|n|cFFFFD200Cost: |r30|Hitem:168802|h|TInterface\ICONS\inv_misc_token_pvp01.BLP:0|t|h,959,169277,0,2
|cFFFFD200Vendor: |rProspector Stonehewer|n|cFFFFD200Zone: |rAlterac Valley|n|n|cFFFFD200Vendor: |rVoggah Deathgrip|n|cFFFFD200Zone: |rAlterac Valley,960,169297,0,-1
|cFFFFD200Vendor: |rProspector Stonehewer|n|cFFFFD200Zone: |rAlterac Valley|n|n|cFFFFD200Vendor: |rVoggah Deathgrip|n|cFFFFD200Zone: |rAlterac Valley,961,169298,0,-1
|cFFFFD200Drop: |rThe Rusty Prince|n|cFFFFD200Zone: |rMechagon,964,169347,0,0
|cFFFFD200Quest:|r We Stand United|n,965,169768,0,1
|cFFFFD200Quest:|r Toys Like Us|n,966,169796,0,1
|cFFFFD200World Event:|r Brewfest,967,169865,0,0
|cFFFFD200Quest:|r Last Heirloom|n,968,170155,2,1
|cFFFFD200Quest:|r Tome of Tears,969,170154,2,1
|cFFFFD200Drop: |rShassera|n|cFFFFD200Zone: |rNazjatar,970,170187,0,0
|cFFFFD200Vendor: |rOtela|n|cFFFFD200Zone: |rTanaris,971,170380,0,2
|cFFFFD200Vendor: |rArtisan Okata|n|cFFFFD200Zone: |rNazjatar|n|cFFFFD200Cost: |r75|Hcurrency:1721|h|TInterface\ICONS\inv_misc_enchantedpearlF.blp:0|t|h|n|n|cFFFFD200Vendor: |rFinder Pruc|n|cFFFFD200Zone: |rNazjatar|n|cFFFFD200Cost: |r75|Hcurrency:1721|h|TInterface\ICONS\inv_misc_enchantedpearlF.blp:0|t|h,972,170204,0,2
|cFFFFD200Zone:|r Nazjatar|n,973,170198,0,0
|cFFFFD200Drop:|r Ankoan Supplies|n|n|cFFFFD200Drop:|r Unshackled Supplies,974,170203,0,0
|cFFFFD200Zone:|r Nazjatar|n,975,170199,0,0
|cFFFFD200Drop: |rTidemistress Leth'sindra|n|cFFFFD200Zone: |rNazjatar,976,170196,0,0
|cFFFFD200Profession: |rEngineering(175),977,168667,2,3
|cFFFFD200Zone:|r Nazjatar|n,978,170476,0,0
|cFFFFD200Drop:|r Ankoan Supplies|n|n|cFFFFD200Drop:|r Unshackled Supplies|n,979,170469,4,-1
|cFFFFD200Vendor: |rStolen Royal Vendorbot|n|cFFFFD200Zone: |rMechagon|n|cFFFFD200Faction: |rRustbolt Resistance - Revered|n|cFFFFD200Cost: |r512|TINTERFACE\MONEYFRAME\UI-GOLDICON.BLP:0|t,980,169108,4,2
|cFFFFD200Promotion:|r Shadowlands Epic Edition,981,172179,0,7
|cFFFFD200World Event:|r Feast of Winter Veil|n,982,172223,0,6
|cFFFFD200World Event:|r Feast of Winter Veil|n,983,172222,0,6
|cFFFFD200World Event:|r Feast of Winter Veil|n,984,172219,0,6
|cFFFFD200Allied Races: |rVulpera|n|cFFFFD200Quest: |rSip and Savor|n|cFFFFD200Zone: |rSuramar,985,173727,2,-1
|cFFFFD200World Quest: |rServant of N'Zoth,986,173951,0,-1
|cFFFFD200Treasure: |rScroll of Aeons|n|cFFFFD200Zone: |rBastion,992,173984,0,0
|cFFFFD200Drop: |rThe Shadowlands,993,174445,2,0
|cFFFFD200Achievement: |rPet Battle Challenge: Blackrock Depths|n|cFFFFD200Category: |rPet Battles,994,174830,0,5
|cFFFFD200Achievement: |rThe Shadows Revealed|n|cFFFFD200Category: |rPet Battles,995,174871,0,5
|cFFFFD200Drop: |rTashara|n|cFFFFD200Zone: |rVale of Eternal Blossoms,996,174873,0,0
|cFFFFD200Drop: |rYiphrim the Will Ravager|n|cFFFFD200Zone: |rUldum,997,174874,0,0
|cFFFFD200Drop: |rThe Grand Executor|n|cFFFFD200Zone: |rUldum,998,169303,0,0
|cFFFFD200Treasure: |rCoifcurl's Close Shave Kit|n|cFFFFD200Zone: |rVision of Orgrimmar,999,174920,0,-1
|cFFFFD200Treasure: |rAlleria's Corrupted Chest|n|cFFFFD200Zone: |rVision of Stormwind,1000,174928,0,-1
|cFFFFD200Drop: |rCraggle Wobbletop|n|cFFFFD200Zone: |rVision of Stormwind,1001,174926,0,-1
|cFFFFD200Treasure: |rZekhan's Corrupted Chest|n|cFFFFD200Zone: |rVision of Orgrimmar,1002,174924,0,-1
|cFFFFD200Treasure: |rVoid-Touched Skull|n|cFFFFD200Zone: |rVision of Stormwind,1003,174921,0,-1
|cFFFFD200Vendor: |rProvisioner Qorra|n|cFFFFD200Zone: |rUldum|n|cFFFFD200Faction: |rUldum Accord - Honored|n|cFFFFD200Cost: |r20|Hitem:163036|h|TInterface\ICONS\INV_Currency_PetBattle.BLP:0|t|h 100|Hcurrency:1719|h|TInterface\ICONS\Archaeology_5_0_MoguCoin.blp:0|t|h,1005,174995,4,2
|cFFFFD200Drop: |rWill of N'Zoth|n|cFFFFD200Zone: |rVale of Eternal Blossoms|n|n|cFFFFD200Drop: |rGaze of N'Zoth|n|cFFFFD200Zone: |rUldum,1006,175140,0,-1
|cFFFFD200Quest: |rComing Out of His Shell|n|cFFFFD200Zone: |rUldum,1007,175063,0,1
|cFFFFD200World Event:|r Feast of Winter Veil|n|n,1062,178530,0,6
|cFFFFD200Quest: |rGlimmerflight|n|cFFFFD200Zone: |rBastion,1063,177951,0,1
|cFFFFD200Profession:|r Engineering,1064,172924,2,3
|cFFFFD200Drop: |rOrophea|n|cFFFFD200Zone: |rThe Maw,1065,181794,0,0
|cFFFFD200Treasure: |rVat of Conspicuous Slime|n|cFFFFD200Zone: |rMaldraxxus,1066,181825,0,0
|cFFFFD200Treasure: |rHearty Dragon Plume|n|cFFFFD200Zone: |rArdenweald,1068,182729,0,0
|cFFFFD200Treasure: |rThe Necronom-i-nom|n|cFFFFD200Zone: |rMaldraxxus,1069,182732,0,0
|cFFFFD200Covenant: |rNecrolord|n|cFFFFD200Vendor: |rSu Zettai|n|cFFFFD200Zone: |rMaldraxxus|n|cFFFFD200Cost: |r750|Hcurrency:1813|h|TInterface\ICONS\Spell_AnimaBastion_Orb.BLP:0|t|h,1070,182773,0,-1
|cFFFFD200Treasure: |rStylish Parasol|n|cFFFFD200Zone: |rRevendreth,1071,182694,0,0
|cFFFFD200Treasure:|r The Countess' Tribute|n|cFFFFD200Relationship:|r Friends |n|cFFFFD200Location:|r The Ember Court |n,1072,182696,0,0
|cFFFFD200Achievement: |rParasoling|n|cFFFFD200Category: |rShadowlands,1073,182695,0,5
|cFFFFD200Covenant: |rNecrolord|n|cFFFFD200Quest: |rThe Better Part of Valor|n|cFFFFD200Zone: |rMaldraxxus,1074,183847,0,1
|cFFFFD200Quest:|r Master of Inner Calm|n|cFFFFD200Zone: |rQueen's Conservatory,1075,183856,0,1
|cFFFFD200Vendor: |rMistress Mihaela|n|cFFFFD200Zone: |rRevendreth|n|cFFFFD200Faction: |rCourt of Harvesters - Honored|n|cFFFFD200Cost: |r1350|TINTERFACE\MONEYFRAME\UI-GOLDICON.BLP:0|t,1076,183900,4,2
|cFFFFD200Treasure: |rForgotten Angler's Rod|n|cFFFFD200Zone: |rRevendreth|n,1078,180993,0,0
|cFFFFD200Treasure:|r Outcast's Makeshift Muckpool|n|cFFFFD200Zone:|r Revendreth|n|n,1079,182780,0,0
|cFFFFD200Vendor: |rLady Ilinca|n|cFFFFD200Coveant Feature: |rEmber Court|n|cFFFFD200Zone: |rRevendreth|n|cFFFFD200Cost: |r500|TINTERFACE\MONEYFRAME\UI-GOLDICON.BLP:0|t,1080,183876,0,-1
|cFFFFD200Venthyr Campaign Quest: |rAn Unwelcome Incursion|n|cFFFFD200World Quest: |rTithe and Taxes|n|cFFFFD200Zone: |rRevendreth,1081,180947,0,-1
|cFFFFD200Drop: |rSire Ladinas|n|cFFFFD200Zone: |rRevendreth,1082,180873,0,0
|cFFFFD200Treasure: |rChest of Envious Desires|n|cFFFFD200Zone: |rRevendreth,1083,179393,0,0
|cFFFFD200Vendor: |rArchivist Janeera|n|cFFFFD200Zone: |rRevendreth|n|cFFFFD200Faction: |rThe Avowed - Revered|n|cFFFFD200Cost: |r500|Hcurrency:1816|h|TInterface\ICONS\6BF_Blackrock_Nova.BLP:0|t|h,1084,182890,4,2
|cFFFFD200Achievement: |rIt's In The Mix|n|cFFFFD200Category: |rShadowlands,1085,183903,0,5
|cFFFFD200Vendor: |rGrand Marshal Mudrag|n|cFFFFD200Zone: |rRevendreth|n|cFFFFD200Cost: |r50|Hcurrency:1820|h|TInterface\ICONS\INV_Jewelcrafting_LivingRuby_01.blp:0|t|h,1086,183989,0,2
|cFFFFD200Treasure: |rTaskmaster's Trove|n|cFFFFD200Zone: |rRevendreth,1087,183986,0,0
|cFFFFD200Treasure: |rForbidden Chamber Lockbox|n|cFFFFD200Zone: |rRevendreth,1088,184075,0,0
|cFFFFD200Vendor: |rArchivist Janeera|n|cFFFFD200Zone: |rRevendreth|n|cFFFFD200Faction: |rThe Avowed - Exalted|n|cFFFFD200Cost: |r1000|Hcurrency:1816|h|TInterface\ICONS\6BF_Blackrock_Nova.BLP:0|t|h,1089,184218,4,2
|cFFFFD200Achievement: |rTwisting Corridors: Layer 4|n|cFFFFD200Category: |rTorghast,1090,184223,0,5
|cFFFFD200Drop: |rMorguliax|n|cFFFFD200Zone: |rThe Maw,1091,184292,0,0
|cFFFFD200Drop: |rBorr-Geth|n|cFFFFD200Zone: |rThe Maw,1092,184312,0,0
|cFFFFD200Vendor: |rChachi the Artiste|n|cFFFFD200Zone: |rRevendreth|n|cFFFFD200Cost: |r750|Hcurrency:1813|h|TInterface\ICONS\Spell_AnimaBastion_Orb.BLP:0|t|h,1093,183716,0,2
|cFFFFD200Treasure: |rBlackhound Cache|n|cFFFFD200Zone: |rMaldraxxus,1094,184318,0,0
|cFFFFD200Vendor: |rElwyn|n|cFFFFD200Zone: |rArdenweald|n|cFFFFD200Cost: |r750|Hcurrency:1813|h|TInterface\ICONS\Spell_AnimaBastion_Orb.BLP:0|t|h,1095,180290,0,2
|cFFFFD200Vendor: |rAdjutant Galos|n|cFFFFD200Zone: |rBastion|n|cFFFFD200Cost: |r750|Hcurrency:1813|h|TInterface\ICONS\Spell_AnimaBastion_Orb.BLP:0|t|h,1096,184353,0,2
|cFFFFD200Treasure: |rGift of Chyrus|n|cFFFFD200Zone: |rBastion,1097,183988,0,0
|cFFFFD200Achievement: |rNine Afterlives|n|cFFFFD200Category: |rShadowlands,1098,184449,0,5
|cFFFFD200Treasure: |rSlime-Coated Crate|n|cFFFFD200Zone: |rMaldraxxus,1099,184447,0,0
|cFFFFD200Drop: |rBubbleblood|n|cFFFFD200Zone: |rMaldraxxus,1100,184476,0,0
|cFFFFD200Achievement: |rBattle in the Shadowlands|n|cFFFFD200Category: |rBattle,1101,184508,0,5
|cFFFFD200Vendor: |rSamia Inkling|n|cFFFFD200Zone: |rThe Waking Shores|n|cFFFFD200Cost: |r1|Hitem:201399|h|TInterface\ICONS\INV_SkeletonSpinePet_Green.blp:0|t|h 1|Hitem:201402|h|TInterface\ICONS\INV_Leatherworking_90_Bone.blp:0|t|h 100|Hcurrency:2003|h|TInterface\ICONS\INV_Faction_WarResources.BLP:0|t|h|n|n|cFFFFD200Vendor: |rXaldrass|n|cFFFFD200Zone: |rThe Waking Shores|n|cFFFFD200Cost: |r1|Hitem:201399|h|TInterface\ICONS\INV_SkeletonSpinePet_Green.blp:0|t|h 1|Hitem:201402|h|TInterface\ICONS\INV_Leatherworking_90_Bone.blp:0|t|h 100|Hcurrency:2003|h|TInterface\ICONS\INV_Faction_WarResources.BLP:0|t|h,1102,200640,2,2
|cFFFFD200Drop:|r Supplies of the Undying Army,1103,184495,0,0
|cFFFFD200Drop:|r Ascended Supplies,1104,184396,0,-1
,1105,184487,0,-1
,1106,184489,0,-1
,1107,184490,0,-1
,1108,184410,4,-1
,1109,184404,0,-1
,1110,184415,0,-1
,1111,184418,0,-1
,1112,184413,0,-1
,1113,184435,0,-1
|cFFFFD200Drop: |rDoomwalker|n|cFFFFD200Zone: |rTanaris|n|cFFFFD200Event: |rWoW 17th Anniversary,1114,186501,2,-1
|cFFFFD200Profession: |rLeatherworking(50),1115,186686,0,3
|cFFFFD200Profession: |rLeatherworking(75),1116,186702,0,3
,1117,186973,0,-1
,1118,186985,0,-1
"|cFFFFD200Vendor: |rLayers 9-12 Brokers|n|cFFFFD200Zone: |rTorghast, Tower of the Damned|n|cFFFFD200Cost: |r300|Hcurrency:1728|h|TInterface\ICONS\INV_Phantasma.BLP:0|t|h",1119,186974,0,-1
"|cFFFFD200Drop: |rLayers 9-12 Bosses|n|cFFFFD200Zone: |rTorghast, Tower of the Damned",1120,187075,0,-1
|cFFFFD200Drop: |rWild Worldcracker|n|cFFFFD200Zone: |rKorthia,1121,187176,0,0
|cFFFFD200Quest: |r Bastion Visitor Dailies|n|cFFFFD200Zone: |rKorthia,1122,187184,0,-1
|cFFFFD200Drop:|r Ascended War Chest|n|cFFFFD200Zone:|r The Maw,1123,187185,0,0
|cFFFFD200Treasure: |rZovaal's Vault|n|cFFFFD200Zone: |rThe Maw,1124,187416,0,0
"|cFFFFD200Drop:|r Adamant Vaults|n|cFFFFD200Zone:|r Torghast, Tower of the Damned|n",1125,187417,0,0
|cFFFFD200Treasure: |rZovaal's Vault|n|cFFFFD200Zone: |rThe Maw,1126,187113,0,0
|cFFFFD200Relic Quest: |rShadow Slicing Shortsword|n|cFFFFD200Zone: |rKorthia,1127,187159,0,1
|cFFFFD200Relic Quest: |rDiviner's Rune Chits|n|cFFFFD200Zone: |rKorthia,1128,187154,0,1
|cFFFFD200Relic Quest: |rGuise of the Changeling|n|cFFFFD200Zone: |rKorthia,1129,187155,0,1
|cFFFFD200Relic Quest: |rRing of Self-Reflection|n|cFFFFD200Zone: |rKorthia,1130,187140,0,1
|cFFFFD200Treasure: |rOffering Box|n|cFFFFD200Zone: |rKorthia,1131,187344,0,0
|cFFFFD200Treasure:|r Dislodged Nest|n|cFFFFD200Zone:|r Korthia|n,1132,187339,0,0
|cFFFFD200Drop: |rThe Rift|n,1133,187174,0,0
|cFFFFD200Treasure: |rForgotten Feather|n|cFFFFD200Zone: |rKorthia,1134,187051,0,0
|cFFFFD200Drop: |rTorglluun|n|cFFFFD200Zone: |rThe Maw,1135,187139,0,0
|cFFFFD200Drop: |rBastion Callings,1136,187419,0,-1
|cFFFFD200Drop: |rObserver Yorik|n|cFFFFD200Zone: |rKorthia,1137,187420,0,0
|cFFFFD200Drop: |rDarklord Taraxis|n|cFFFFD200Zone: |rThe Maw,1138,183901,0,0
,1139,187422,2,-1
|cFFFFD200Drop: |rRevendreth Callings,1145,187512,0,-1
"|cFFFFD200Vendor: |rAridormi|n|cFFFFD200Zone: |rDalaran, Broken Isles|n|cFFFFD200Cost: |r1500|Hcurrency:1166|h|TInterface\Icons\pvecurrency-justice.BLP:0|t|h",1146,187591,0,-1
|cFFFFD200Treasure:|r Queen's Conservatory Cache|n,1147,187705,0,0
Mythic Dungeon International: Shadowlands Season 2,1148,187834,2,-1
|cFFFFD200Drop: |rArdenweald Callings,1149,187840,0,-1
|cFFFFD200Achievement: |rCompleting the Code|n|cFFFFD200Category: |rShadowlands,1150,187793,0,5
,1151,187861,2,-1
|cFFFFD200Vendor: |rKrom Stoutarm / Estelle Gendry|n|cFFFFD200Zone: |rIronforge / Orgrimmar|n|cFFFFD200Cost: |r10000|TINTERFACE\MONEYFRAME\UI-GOLDICON.BLP:0|t,1152,187869,0,-1
|cFFFFD200Vendor: |rKrom Stoutarm / Estelle Gendry|n|cFFFFD200Zone: |rIronforge / Orgrimmar|n|cFFFFD200Cost: |r10000|TINTERFACE\MONEYFRAME\UI-GOLDICON.BLP:0|t,1153,187875,0,-1
|cFFFFD200Vendor: |rKrom Stoutarm / Estelle Gendry|n|cFFFFD200Zone: |rIronforge / Orgrimmar|n|cFFFFD200Cost: |r10000|TINTERFACE\MONEYFRAME\UI-GOLDICON.BLP:0|t,1154,187895,0,-1
|cFFFFD200Vendor: |rKrom Stoutarm / Estelle Gendry|n|cFFFFD200Zone: |rIronforge / Orgrimmar|n|cFFFFD200Cost: |r10000|TINTERFACE\MONEYFRAME\UI-GOLDICON.BLP:0|t,1155,187896,0,-1
|cFFFFD200Vendor: |rKrom Stoutarm / Estelle Gendry|n|cFFFFD200Zone: |rIronforge / Orgrimmar|n|cFFFFD200Cost: |r10000|TINTERFACE\MONEYFRAME\UI-GOLDICON.BLP:0|t,1156,187897,0,-1
|cFFFFD200Vendor: |rKrom Stoutarm / Estelle Gendry|n|cFFFFD200Zone: |rIronforge / Orgrimmar|n|cFFFFD200Cost: |r10000|TINTERFACE\MONEYFRAME\UI-GOLDICON.BLP:0|t,1157,187898,0,-1
|cFFFFD200Vendor: |rKrom Stoutarm / Estelle Gendry|n|cFFFFD200Zone: |rIronforge / Orgrimmar|n|cFFFFD200Cost: |r10000|TINTERFACE\MONEYFRAME\UI-GOLDICON.BLP:0|t,1158,187899,0,-1
|cFFFFD200Vendor: |rKrom Stoutarm / Estelle Gendry|n|cFFFFD200Zone: |rIronforge / Orgrimmar|n|cFFFFD200Cost: |r10000|TINTERFACE\MONEYFRAME\UI-GOLDICON.BLP:0|t,1159,187900,0,-1
|cFFFFD200Drop: |rMaldraxxus Callings,1161,187913,0,-1
Mythic Dungeon International: Shadowlands Season 3,1162,187957,2,-1
Mythic Dungeon International: Shadowlands Season 4,1163,187958,2,-1
Mythic Dungeon International: Shadowlands Season 2,1164,187959,2,-1
|cFFFFD200Achievement: |rTraversing the Spheres|n|cFFFFD200Category: |rShadowlands,1165,187860,0,5
|cFFFFD200Vendor: |rSmokywood Pastures Vendor|n|cFFFFD200Cost: |r52|TINTERFACE\MONEYFRAME\UI-COPPERICON.BLP:0|t|n|nDrop: Stolen Present,1166,188680,0,2
|cFFFFD200Vendor: |rNoblegarden Merchant|n|cFFFFD200Cost: |r50|Hitem:44791|h|TInterface\ICONS\Achievement_Noblegarden_Chocolate_Egg.blp:0|t|h,1167,188694,0,2
|cFFFFD200Vendor: |rMidsummer Merchant|n|cFFFFD200Cost: |r150|Hitem:23247|h|TInterface\ICONS\INV_SummerFest_FireFlower.blp:0|t|h,1168,188695,0,2
"|cFFFFD200Quest: |rA Tisket, a Tasket, a Noblegarden Basket",1169,188698,0,2
|cFFFFD200Vendor: |rMidsummer Merchant|n|cFFFFD200Cost: |r100|Hitem:23247|h|TInterface\ICONS\INV_SummerFest_FireFlower.blp:0|t|h,1170,188699,0,-1
|cFFFFD200Vendor: |rMidsummer Merchant|n|cFFFFD200Cost: |r50|Hitem:23247|h|TInterface\ICONS\INV_SummerFest_FireFlower.blp:0|t|h,1171,188701,0,-1
|cFFFFD200Achievement:|r The Jailer's Gauntlet: Layer 2|n|cFFFFD200Zone:|r Torghast (The Jailer's Gauntlet),1173,188952,0,5
|cFFFFD200Drop:|r Enlightened Broker Supplies,1174,190177,0,-1
,1175,190196,2,-1
|cFFFFD200Vendor: |rVilo|n|cFFFFD200Zone: |rZereth Mortis|n|cFFFFD200Faction: |rThe Enlightened - Exalted|n|cFFFFD200Cost: |r5000|TINTERFACE\MONEYFRAME\UI-GOLDICON.BLP:0|t,1176,190237,4,2
|cFFFFD200Drop:|r Xy'rath the Covetous|n|cFFFFD200Zone:|r Zereth Mortis,1177,190238,0,0
,1178,190333,0,-1
|cFFFFD200Treasure:|r Syntactic Vault|n|cFFFFD200Zone: |rZereth Mortis|n,1179,190457,0,0
,1180,190734,0,-1
,1181,190754,0,-1
|cFFFFD200Zone:|r Catalyst Gardens,1182,190853,0,0
|cFFFFD200Zone:|r Catalyst Wards,1183,190926,0,0
|cFFFFD200Achievement: |rDancing Machine|n|cFFFFD200Category: |rDarkmoon Faire,1184,187689,0,5
,1186,191937,2,-1
,1187,191925,2,-1
|cFFFFD200Vendor: |rJepetto Joybuzz|n|cFFFFD200Cost: |r50|TINTERFACE\MONEYFRAME\UI-GOLDICON.BLP:0|t,1188,192099,0,-1
,1189,192485,2,-1
|cFFFFD200Profession:|r Dragon Isles Engineering,1190,192495,0,3
|cFFFFD200Profession:|r Dragon Isles Jewelcrafting|n,1191,193032,0,3
|cFFFFD200Promotion:|r Dragonflight Epic Edition,1192,193588,0,7
|cFFFFD200Profession:|r Dragon Isles Jewelcrafting|n,1193,193033,0,3
|cFFFFD200Profession:|r Leatherworking|n,1194,193478,0,3
|cFFFFD200Profession:|r Leatherworking|n,1195,193476,0,3
|cFFFFD200Profession:|r Leatherworking,1196,197719,0,3
[PH] |cFFFFD200Vendor: |rDragon Day Care Attendant,1197,197961,2,2
|cFFFFD200Achievement: |rThe Joy of Toy|n|cFFFFD200Category: |rToy Box,1198,197986,0,5
|cFFFFD200Quest: |rEmotional Support Companions|n|cFFFFD200Zone: |rOhn'ahran Plains,1199,198039,0,-1
|cFFFFD200Quest:|r One Bad Apple|n|cFFFFD200Zone:|r Azure Span,1200,198090,0,0
|cFFFFD200Faction: |rMaruuk Centaur - Renown 3,1201,198402,4,-1
|cFFFFD200Drop: |rSunscale Behemoth|n|cFFFFD200Zone: |rOhn'ahran Plains,1202,198409,0,-1
|cFFFFD200Achievement:|r River Rapids Wrangler,1203,198428,0,0
|cFFFFD200Profession:|r Tailoring|n,1204,194052,0,3
|cFFFFD200Quest:|r Happy Little Accidents,1205,198474,0,0
|cFFFFD200Quest: |rTaivan's Purpose|n|cFFFFD200Zone: |rOhn'ahran Plains,1206,198537,0,-1
|cFFFFD200Profession: |rDragon Isles Engineering,1207,198227,0,-1
|cFFFFD200Vendor: |rEmilia Bellocq|n|cFFFFD200Zone: |rThe Waking Shores|n|cFFFFD200Cost: |r200|TINTERFACE\MONEYFRAME\UI-GOLDICON.BLP:0|t,1208,198646,0,2
|cFFFFD200Faction: |rIskaara Tuskarr|n|cFFFFD200Renown: |r25|n|cFFFFD200Vendor: |rKiopo|n|cFFFFD200Zone: |rThe Azure Span,1209,198827,0,0
|cFFFFD200Profession:|r Tailoring|n,1210,194060,0,3
|cFFFFD200Profession: |rDragon Isles Engineering,1211,198264,0,-1
|cFFFFD200Profession: |rDragon Isles Engineering,1212,198206,0,-1
|cFFFFD200Quest:|r Friend on the Mend|n|cFFFFD200Zone:|r Waking Shores,1213,198857,0,1
|cFFFFD200Profession:|r Tailoring|n,1214,194056,0,3
|cFFFFD200Profession: |rDragon Isles Engineering,1215,198156,2,-1
|cFFFFD200Profession:|r Tailoring|n,1217,194057,0,3
|cFFFFD200Profession:|r Tailoring|n,1218,194058,0,3
|cFFFFD200Profession:|r Tailoring|n,1219,194059,0,3
|cFFFFD200Profession:|r Dragon Isles Engineering|n,1220,199554,0,3
|cFFFFD200Quest:|r Testing the Tuskarrsenal,1221,199830,0,1
|cFFFFD200Vendor: |rStorm Hunter William|n|cFFFFD200Zone: |rStormwind City|n|cFFFFD200Cost: |r100|Hitem:199211|h|TInterface\ICONS\INV_Enchant_EssenceCosmicGreater.blp:0|t|h|n|n|cFFFFD200Vendor: |rStorm Huntress Suhrakka|n|cFFFFD200Zone: |rDurotar|n|cFFFFD200Cost: |r100|Hitem:199211|h|TInterface\ICONS\INV_Enchant_EssenceCosmicGreater.blp:0|t|h,1222,199337,0,2
|cFFFFD200Drop:|r Dragon Isles Goblins|n,1224,200142,2,0
"|cFFFFD200Drop: |rDragon Isles, Temporally Altered Creatures",1225,200148,0,0
|cFFFFD200Drop: |rNotfar the Unbearable|n|cFFFFD200Zone: |rThe Azure Span,1226,200160,0,0
|cFFFFD200Drop: |rDragon Isles Primalists,1227,200198,0,-1
,1228,200178,0,-1
,1229,200249,0,-1
|cFFFFD200Profession:|r Dragon Isles Enchanting,1230,200469,0,3
|cFFFFD200Quest: |rThe Awaited Egg-splosion|n|cFFFFD200Zone: |rThaldraszus,1231,191891,0,1
|cFFFFD200Faction: |rMaruuk Centaurs|n|cFFFFD200Vendor: |rQuartermaster Huseng|n|cFFFFD200Zone: |rOhn'ahran Plains,1232,200550,0,2
|cFFFFD200Faction: |rMaruuk Centaurs|n|cFFFFD200Vendor: |rQuartermaster Huseng|n|cFFFFD200Zone: |rOhn'ahran Plains,1233,200551,0,2
|cFFFFD200Quest: |rAfter My Ohn Heart|n|cFFFFD200Zone: |rOhn'ahran Plains,1234,200597,0,-1
|cFFFFD200Quest: |rA Helping Claw|n|cFFFFD200Zone: |rThe Azure Span,1235,200628,0,1
|cFFFFD200Achievement:|r Honor Our Ancestors,1236,200630,0,-1
|cFFFFD200Reward:|r Supreme Invocation|n,1237,200636,0,-1
|cFFFFD200Zone: |rBrackenhide Hollow|n|cFFFFD200Achievement: |rThe Vegetarian Diet|n|cFFFFD200Category: |rDragonflight Dungeon,1238,200631,0,5
,1239,200116,0,-1
,1240,200857,0,-1
|cFFFFD200Zone: |rOhn'ahran Plains,1241,200869,0,-1
|cFFFFD200Zone: |rOhn'ahran Plains,1242,200878,0,-1
|cFFFFD200Quest: |rShapes Beyond the Veil|n|cFFFFD200Zone: |rArdenweald,1243,200960,0,-1
|cFFFFD200Drop: |rThe Great Shellkhan|n|cFFFFD200Zone: |rThaldraszus,1244,200999,0,0
|cFFFFD200Profession:|r Dragon Isles Engineering|n,1245,192443,0,3
|cFFFFD200Vendor: |rUsodormu|n|cFFFFD200Zone: |rThaldraszus|n|cFFFFD200Cost: |r3|TINTERFACE\MONEYFRAME\UI-GOLDICON.BLP:0|t75|TINTERFACE\MONEYFRAME\UI-SILVERICON.BLP:0|t,1246,201435,0,2
|cFFFFD200Faction:|r Valdrakken Accord|n|cFFFFD200Renown:|r 26|n|cFFFFD200Vendor:|r Unatos|n|cFFFFD200Location:|r Valdrakken|n|n,1247,199771,0,2
|cFFFFD200Faction:|r Valdrakken Accord|n|cFFFFD200Renown:|r 26|n|cFFFFD200Vendor:|r Unatos|n|cFFFFD200Location:|r Valdrakken|n|n,1248,199770,0,2
|cFFFFD200Faction:|r Valdrakken Accord|n|cFFFFD200Renown:|r 26|n|cFFFFD200Vendor:|r Unatos|n|cFFFFD200Location:|r Valdrakken|n|n,1249,199769,0,2
|cFFFFD200Faction:|r Valdrakken Accord|n|cFFFFD200Renown:|r 26|n|cFFFFD200Vendor:|r Unatos|n|cFFFFD200Location:|r Valdrakken|n|n,1250,199768,0,2
|cFFFFD200Faction:|r Valdrakken Accord|n|cFFFFD200Renown:|r 26|n|cFFFFD200Vendor:|r Unatos|n|cFFFFD200Location:|r Valdrakken|n|n,1251,199767,0,2
|cFFFFD200Faction: |rDragonscale Expedition|n|cFFFFD200Renown: |r9|n|cFFFFD200Quest: |rWayfinder's Compass|n|cFFFFD200Location: |rDragonscale Basecamp,1252,199902,0,-1
|cFFFFD200Faction: |rIskaara Tuskarr|n|cFFFFD200Renown: |r25|n|cFFFFD200Vendor: |rKiopo|n|cFFFFD200Zone: |rThe Azure Span,1253,199899,0,0
|cFFFFD200Faction:|r Iskaara Tuskarr|n|cFFFFD200Renown:|r 22|n|cFFFFD200Vendor:|r Lontupit|n|cFFFFD200Location:|r Iskaara,1254,199897,0,2
|cFFFFD200Faction:|r Iskaara Tuskarr|n|cFFFFD200Renown:|r 17|n|cFFFFD200Vendor:|r Nunvuq|n|cFFFFD200Location:|r Iskaara,1255,199896,0,2
|cFFFFD200Faction:|r Iskaara Tuskarr|n|cFFFFD200Renown:|r 17|n|cFFFFD200Vendor:|r Nunvuq|n|cFFFFD200Location:|r Iskaara,1256,199894,0,2
|cFFFFD200Faction:|r Iskaara Tuskarr|n|cFFFFD200Renown:|r 4|n|cFFFFD200Vendor:|r Lil Ki|n|cFFFFD200Location:|r Iskaara,1257,199892,0,2
|cFFFFD200Faction:|r Iskaara Tuskarr|n|cFFFFD200Renown:|r 4|n|cFFFFD200Vendor:|r Lil Ki|n|cFFFFD200Location:|r Iskaara,1258,199650,0,2
|cFFFFD200Faction:|r Valdrakken Accord|n|cFFFFD200Renown:|r 3|n|cFFFFD200Vendor:|r Erugosa|n|cFFFFD200Location:|r Valdrakken,1259,199649,0,2
|cFFFFD200Faction:|r Dragonscale Expedition|n|cFFFFD200Renown:|r 19|n|cFFFFD200Vendor:|r Cataloger Jakes|n|cFFFFD200Location:|r Dragonscale Basecamp,1260,198729,0,2
|cFFFFD200Faction:|r Dragonscale Expedition|n|cFFFFD200Renown:|r 19|n|cFFFFD200Vendor:|r Cataloger Jakes|n|cFFFFD200Location:|r Dragonscale Basecamp,1261,198728,0,2
|cFFFFD200Faction:|r Dragonscale Expedition|n|cFFFFD200Renown:|r 17|n|cFFFFD200Vendor:|r Rae'ana|n|cFFFFD200Location:|r Dragonscale Basecamp,1262,198722,0,2
|cFFFFD200Faction:|r Dragonscale Expedition|n|cFFFFD200Renown:|r 17|n|cFFFFD200Vendor:|r Rae'ana|n|cFFFFD200Location:|r Dragonscale Basecamp,1263,198721,0,2
|cFFFFD200Faction:|r Dragonscale Expedition|n|cFFFFD200Renown:|r 17|n|cFFFFD200Vendor:|r Rae'ana|n|cFFFFD200Location:|r Dragonscale Basecamp,1264,198720,0,2
|cFFFFD200Faction: |rMaruuk Centaurs|n|cFFFFD200Quest: |rBefriending Wings and Wind|n|cFFFFD200Zone: |rOhn'ahran Plains,1265,194885,0,1
|cFFFFD200Quest:|r Unlocking Our Past|n|cFFFFD200NPC:|r Igys the Believer|n|cFFFFD200Location:|r Obsidian Citadel,1266,201815,0,1
|cFFFFD200Zone:|r The Azure Span,1267,201927,0,0
|cFFFFD200Drop:|r Lost Obsidian Cache,1269,201933,0,0
|cFFFFD200Zone:|r The Waking Shores,1270,202019,0,0
|cFFFFD200Vendor:|r Brendormi|n|cFFFFD200Cost: |r75|Hitem:202039|h|TInterface\ICONS\inv_misc_stormlordsfavor.blp:0|t|h 1200|Hcurrency:2118|h|TInterface\ICONS\INV_Misc_Powder_Thorium.blp:0|t|h,1271,202020,0,2
|cFFFFD200Zone:|r The Waking Shore,1272,202022,0,0
|cFFFFD200Vendor: |rFieldmaster Emberath|n|cFFFFD200Zone: |rValdrakken|n|cFFFFD200Cost: |r150000|Hcurrency:2123|h|TInterface\ICONS\INV_10_DungeonJewelry_Titan_Trinket_2_Color2.BLP:0|t|h,1273,202021,0,2
|cFFFFD200Drop:|r Immaculate Sac of Swog Treasures,1274,202042,0,0
|cFFFFD200Quest:|r For the Love of Others,1275,200926,0,0
|cFFFFD200Achievement:|r Discombobberlated|n|cFFFFD200Category:|r Fishing,1276,202207,0,5
|cFFFFD200Vendor: |rKazzi|n|cFFFFD200Zone: |rThe Azure Span|n|cFFFFD200Faction: |rWinterpelt Furbolg - Exalted|n|cFFFFD200Cost: |r400|Hcurrency:2003|h|TInterface\ICONS\INV_Faction_WarResources.BLP:0|t|h,1277,202253,4,2
|cFFFFD200Vendor: |rKazzi|n|cFFFFD200Zone: |rThe Azure Span|n|cFFFFD200Faction: |rWinterpelt Furbolg - Friendly|n|cFFFFD200Cost: |r100|Hcurrency:2003|h|TInterface\ICONS\INV_Faction_WarResources.BLP:0|t|h,1278,202283,4,2
|cFFFFD200Profession:|r Dragon Isles Engineering|n,1279,202309,0,3
|cFFFFD200Zone:|r The Azure Span,1280,202711,0,0
|cFFFFD200Profession:|r Dragon Isles Engineering|n,1281,198173,0,3
|cFFFFD200Vendor: |rAtticus Belle|n|cFFFFD200Zone: |rThe Waking Shores|n|cFFFFD200Cost: |r20|Hitem:193050|h|TInterface\ICONS\INV_10_Tailoring_ClothCommon_Color2.BLP:0|t|h 100|Hcurrency:2003|h|TInterface\ICONS\INV_Faction_WarResources.BLP:0|t|h|n|n|cFFFFD200Vendor: |rLorena Belle|n|cFFFFD200Zone: |rThe Waking Shores|n|cFFFFD200Cost: |r20|Hitem:193050|h|TInterface\ICONS\INV_10_Tailoring_ClothCommon_Color2.BLP:0|t|h 100|Hcurrency:2003|h|TInterface\ICONS\INV_Faction_WarResources.BLP:0|t|h,1282,200707,0,2
WoW Esports: Dragonflight Season 1,1289,203716,2,-1
|cFFFFD200World Quest: |rLetting Go|n|cFFFFD200Zone: |rOhn'ahran Plains,1290,203725,0,1
|cFFFFD200Discovery:|r Zul'Gurub|n,1295,203757,0,10
|cFFFFD200Vendor: |rKazzi|n|cFFFFD200Zone: |rThe Azure Span|n|cFFFFD200Faction: |rWinterpelt Furbolg - Revered|n|cFFFFD200Cost: |r200|Hcurrency:2003|h|TInterface\ICONS\INV_Faction_WarResources.BLP:0|t|h,1300,203734,4,2
|cFFFFD200Profession:|r Dragon Isles Engineering|n,1301,202360,0,3
|cFFFFD200World Quest: |rTry and Try Again?|n|cFFFFD200Zone: |rThe Waking Shores|n|cFFFFD200Zone: |rOhn'ahran Plains|n|cFFFFD200Zone: |rThe Forbidden Reach,1302,204220,4,1
|cFFFFD200Quest: |rAka'magosh|n|cFFFFD200Zone: |rDurotar|n|cFFFFD200Zone: |rAlterac Valley,1303,204170,0,1
|cFFFFD200Treasure: |r Chest|n|cFFFFD200Zone: |rThe Zskera Vaults,1304,204256,0,-1
|cFFFFD200Treasure: |r Chest|n|cFFFFD200Zone: |rThe Zskera Vaults,1305,204257,0,-1
|cFFFFD200Treasure: |r Chest|n|cFFFFD200Zone: |rThe Zskera Vaults,1306,204262,0,-1
|cFFFFD200Vendor: |rEmilia Bellocq|n|cFFFFD200Zone: |rThe Waking Shores|n|cFFFFD200Cost: |r5|TINTERFACE\MONEYFRAME\UI-GOLDICON.BLP:0|t,1307,199900,0,2
Treasure: Overgrown Skeleton,1308,203852,0,-1
|cFFFFD200Profession:|r Dragon Isles Engineering|n,1309,201930,0,3
|cFFFFD200Vendor:|r Noblegarden Merchant|n|cFFFFD200Cost:|r 200|Hitem:44791|h|TInterface\ICONS\Achievement_Noblegarden_Chocolate_Egg.blp:0|t|h,1311,204675,0,2
